Date,Close,Percent Change,50 MA,200 MA,EPS,EBIDTA,P/E,EV/EBITDA,1 YR,5 YR,30 YR,Recommendation,News,News Score
2023-06-30,193.97000122070312,0.023102510509079632,176.60540008544922,154.7732995223999,1.53,31260000000.0,126.77777857562296,100.25080233568812,0.08,0.85,2.04,Buy,POSITIVE,0.748120903968811
2023-06-29,189.58999633789062,0.0017965460390521049,176.07860015869142,154.57574954986572,1.53,31260000000.0,123.91503028620302,98.04771228276287,0.08,0.8,1.98,Buy,POSITIVE,0.748120903968811
2023-06-28,189.25,0.006327780797909854,175.61620025634767,154.4075996017456,1.53,31260000000.0,123.69281045751634,97.87669819257837,0.07,0.78,1.92,Buy,POSITIVE,0.9991217255592346
2023-06-27,188.05999755859375,0.015059066345298966,175.13580017089845,154.2339995956421,1.53,31260000000.0,122.9150310840482,97.27814120194428,0.08,0.79,1.93,Buy,POSITIVE,0.977651298046112
2023-06-26,185.27000427246094,-0.007552970101992296,174.6788003540039,154.07274959564208,1.53,31260000000.0,121.09150606043198,95.87480795897753,0.07,0.7,1.81,Sell,POSITIVE,0.6919465661048889
2023-06-23,186.67999267578125,-0.0017112691134693048,174.28460021972657,153.93619960784912,1.53,31260000000.0,122.01306710835375,96.58401525650464,0.08,0.69,1.88,Sell,POSITIVE,0.9942438006401062
2023-06-22,187.0,0.016525294494369236,173.75300048828126,153.78889965057374,1.53,31260000000.0,122.22222222222221,96.74497511196417,0.07,0.74,1.94,Buy,NEGATIVE,0.9977551102638244
2023-06-21,183.9600067138672,-0.0056753030870986265,173.2290005493164,153.64844966888427,1.53,31260000000.0,120.23529850579554,95.2158948600403,0.07,0.71,1.9,Sell,POSITIVE,0.748120903968811
2023-06-20,185.00999450683594,0.0004866771511018442,172.790400390625,153.535549659729,1.53,31260000000.0,120.92156503714767,95.74402615766958,0.07,0.72,1.92,Buy,POSITIVE,0.748120903968811
2023-06-16,184.9199981689453,-0.005859880490725833,172.38340057373046,153.42859966278075,1.53,31260000000.0,120.86274390127144,95.69875907644223,0.08,0.73,1.93,Sell,NEGATIVE,0.9873203039169312
2023-06-15,186.00999450683594,0.011198682211304156,171.96020050048827,153.35414966583252,1.53,31260000000.0,121.5751598083895,96.24701419349812,0.07,0.71,1.89,Buy,NEGATIVE,0.9198639392852784
2023-06-14,183.9499969482422,0.003491350161869189,171.55260070800782,153.26174968719482,1.53,31260000000.0,120.22875617532169,95.21086006768947,0.07,0.72,1.9,Buy,POSITIVE,0.748120903968811
2023-06-13,183.30999755859375,-0.002611653218746124,171.19700073242188,153.1781496810913,1.53,31260000000.0,119.8104559206495,94.88894803175874,0.08,0.73,1.91,Sell,POSITIVE,0.748120903968811
2023-06-12,183.7899932861328,0.015638740424785524,170.82880065917968,153.09944972991943,1.53,31260000000.0,120.12417861838746,95.13038013995971,0.07,0.69,1.89,Buy,POSITIVE,0.748120903968811
2023-06-09,180.9600067138672,0.002159823746078704,170.36840087890624,153.03809978485108,1.53,31260000000.0,118.27451419207006,93.70693075255468,0.07,0.66,1.86,Buy,POSITIVE,0.999625325202942
2023-06-08,180.57000732421875,0.01546507640721173,169.90220062255858,153.00404972076416,1.53,31260000000.0,118.01961263020833,93.5107657255811,0.07,0.65,1.85,Buy,NEGATIVE,0.9941054582595824
2023-06-07,177.82000732421875,-0.007756259904993845,169.45640045166016,152.97394969940186,1.53,31260000000.0,116.22222700929329,92.12754862705262,0.07,0.67,1.83,Sell,POSITIVE,0.995629072189331
2023-06-06,179.2100067138672,-0.002060335858196427,169.1050003051758,152.94999965667725,1.53,31260000000.0,117.13072334239685,92.82670168985474,0.08,0.72,1.86,Sell,POSITIVE,0.748120903968811
2023-06-05,179.5800018310547,-0.0075711253953729685,168.69940002441408,152.91989963531495,1.53,31260000000.0,117.37255021637561,93.01280480711503,0.09,0.77,1.94,Sell,POSITIVE,0.995923399925232
2023-06-02,180.9499969482422,0.004775393568990927,168.26440002441407,152.88249965667725,1.53,31260000000.0,118.2679718615962,93.70189596020386,0.08,0.79,1.96,Buy,POSITIVE,0.748120903968811
2023-06-01,180.08999633789062,0.016022546335066945,167.83100006103516,152.82019969940185,1.53,31260000000.0,117.70587995940564,93.26932594239179,0.08,0.82,1.99,Buy,POSITIVE,0.748120903968811
2023-05-31,177.25,-0.0002820251037627397,167.37720001220703,152.76594974517823,1.53,31260000000.0,115.84967320261438,91.84084176263596,0.08,0.81,1.99,Sell,POSITIVE,0.748120903968811
2023-05-30,177.3000030517578,0.010659581907596527,166.93220001220703,152.70429973602296,1.53,31260000000.0,115.88235493578942,91.86599269942506,0.09,0.83,2.03,Buy,POSITIVE,0.748120903968811
2023-05-26,175.42999267578125,0.014104787011603337,166.5032000732422,152.6421496963501,1.53,31260000000.0,114.66012593188317,90.92539985343362,0.08,0.79,1.94,Buy,POSITIVE,0.9834385514259338
2023-05-25,172.99000549316406,0.0066923253013353445,166.05440032958984,152.59174976348876,1.53,31260000000.0,113.06536306742748,89.6981154930022,0.08,0.75,1.92,Buy,POSITIVE,0.748120903968811
2023-05-24,171.83999633789062,0.00163207497832496,165.64640014648438,152.55584972381592,1.53,31260000000.0,112.31372309666054,89.11967464680639,0.07,0.77,1.92,Buy,POSITIVE,0.987733006477356
2023-05-23,171.55999755859375,-0.015154991021227304,165.21900024414063,152.52729976654052,1.53,31260000000.0,112.130717358558,88.97883861077347,0.07,0.79,1.91,Sell,NEGATIVE,0.9788044691085817
2023-05-22,174.1999969482422,-0.005480741572254533,164.75780029296874,152.46954975128173,1.53,31260000000.0,113.85620715571385,90.30672671836125,0.06,0.78,1.88,Sell,POSITIVE,0.748120903968811
2023-05-19,175.16000366210938,0.0006283953638037687,164.2856002807617,152.4060997390747,1.53,31260000000.0,114.4836625242545,90.78959860975152,0.06,0.8,1.87,Buy,POSITIVE,0.9889251589775084
2023-05-18,175.0500030517578,0.013666110237923634,163.8398001098633,152.34284969329835,1.53,31260000000.0,114.4117667004953,90.73426961881086,0.07,0.78,1.87,Buy,NEGATIVE,0.9657537937164308
2023-05-17,172.69000244140625,0.0036031562201266354,163.37080017089843,152.25434970855713,1.53,31260000000.0,112.869282641442,89.54721754725597,0.06,0.8,1.91,Buy,POSITIVE,0.9870604276657104
2023-05-16,172.07000732421875,0.0,162.9936001586914,152.17484966278076,1.53,31260000000.0,112.46405707465277,89.23536742103855,0.07,0.84,1.96,Sell,POSITIVE,0.748120903968811
2023-05-15,172.07000732421875,-0.002897374855299284,162.57279998779296,152.07249965667725,1.53,31260000000.0,112.46405707465277,89.23536742103855,0.07,0.84,1.94,Sell,POSITIVE,0.9411376118659972
2023-05-12,172.57000732421875,-0.006791324752697836,162.04959991455078,151.97689960479735,1.53,31260000000.0,112.79085446027369,89.48686143895281,0.07,0.79,1.91,Sell,POSITIVE,0.9986820816993712
2023-05-11,173.75,0.0010947363682816125,161.50439971923828,151.88449954986572,1.53,31260000000.0,113.56209150326798,90.08038363723608,0.08,0.77,1.9,Buy,NEGATIVE,0.9996590614318848
2023-05-10,173.55999755859375,0.010420872338650744,160.97759979248048,151.7924995803833,1.53,31260000000.0,113.43790690104167,89.98481468243052,0.07,0.77,1.92,Buy,POSITIVE,0.748120903968811
2023-05-09,171.77000427246094,-0.009971156931060876,160.4647998046875,151.689899559021,1.53,31260000000.0,112.26797664866727,89.08446947529231,0.07,0.78,1.92,Sell,NEGATIVE,0.955522894859314
2023-05-08,173.5,-0.0004033376808469935,159.96359985351563,151.58604953765868,1.53,31260000000.0,113.39869281045752,89.95463662827895,0.07,0.78,1.9,Sell,NEGATIVE,0.9990721940994264
2023-05-05,173.57000732421875,0.04692692172716728,159.4815997314453,151.45389957427977,1.53,31260000000.0,113.44444923151552,89.98984947478135,0.08,0.78,1.94,Buy,NEGATIVE,0.993470311164856
2023-05-04,165.7899932861328,-0.009913429037699317,158.98839965820312,151.3368995285034,1.53,31260000000.0,108.35947273603452,86.07659549504609,0.08,0.82,1.99,Sell,POSITIVE,0.996917963027954
2023-05-03,167.4499969482422,-0.006467285993302041,158.64219970703124,151.25029956817627,1.53,31260000000.0,109.4444424498315,86.91155747651864,0.08,0.81,1.95,Sell,POSITIVE,0.748120903968811
2023-05-02,168.5399932861328,-0.006191420923589042,158.34419982910157,151.1404996109009,1.53,31260000000.0,110.15685835694954,87.45981259357455,0.07,0.79,1.9,Sell,POSITIVE,0.748120903968811
2023-05-01,169.58999633789062,-0.0005303886243240852,158.04760009765624,151.02709964752196,1.53,31260000000.0,110.84313486136642,87.98795156619218,0.08,0.82,1.94,Sell,POSITIVE,0.748120903968811
2023-04-28,169.67999267578125,0.007541054486406518,157.76240020751953,150.90349964141845,1.53,31260000000.0,110.90195599724265,88.03321864741955,0.07,0.81,1.91,Buy,NEGATIVE,0.9836949110031128
2023-04-27,168.41000366210938,0.02839526936524983,157.43280029296875,150.79029964447022,1.53,31260000000.0,110.07189781837214,87.39442936790891,0.07,0.79,1.85,Buy,POSITIVE,0.748120903968811
2023-04-26,163.75999450683594,-6.112087295517821e-05,157.14160034179687,150.67999965667724,1.53,31260000000.0,107.03267614825879,85.05553039631322,0.07,0.81,1.87,Sell,POSITIVE,0.9981990456581116
2023-04-25,163.77000427246094,-0.0094356592349637,156.88660034179688,150.5757996749878,1.53,31260000000.0,107.03921847873264,85.06056518866403,0.07,0.84,1.88,Sell,POSITIVE,0.748120903968811
2023-04-24,165.3300018310547,0.001878545331279513,156.6286001586914,150.46474964141845,1.53,31260000000.0,108.05882472617954,85.84522529655841,0.07,0.88,1.91,Buy,POSITIVE,0.9977008700370787
2023-04-21,165.02000427246094,-0.00978091619394783,156.3604000854492,150.3327495956421,1.53,31260000000.0,107.85621194278492,85.6893002334497,0.07,0.83,1.85,Sell,POSITIVE,0.9731956720352172
2023-04-20,166.64999389648438,-0.0058462742813449875,156.1529998779297,150.1912495803833,1.53,31260000000.0,108.92156463822508,86.50916551285815,0.07,0.84,1.86,Sell,NEGATIVE,0.7886980175971985
2023-04-19,167.6300048828125,0.006968244450070493,155.8545999145508,150.04519962310792,1.53,31260000000.0,109.56209469464869,87.00209931396172,0.08,0.86,1.84,Buy,POSITIVE,0.9882901906967164
2023-04-18,166.47000122070312,0.0075047238711354325,155.59199981689454,149.91534961700438,1.53,31260000000.0,108.80392236647263,86.41863135040342,0.08,0.94,1.92,Buy,POSITIVE,0.748120903968811
2023-04-17,165.22999572753906,0.0001209915432451858,155.27899993896483,149.79129962921144,1.53,31260000000.0,107.99346125982944,85.79492342298025,0.08,0.97,1.99,Buy,POSITIVE,0.9942438006401062
2023-04-14,165.2100067138672,-0.0021139819394035975,154.88299987792968,149.65649967193605,1.53,31260000000.0,107.98039654501123,85.78486918825526,0.09,0.98,1.99,Sell,NEGATIVE,0.8686265349388123
2023-04-13,165.55999755859375,0.03410363052421039,154.464599609375,149.50719966888428,1.53,31260000000.0,108.20914873110702,85.96091039580224,0.09,1.02,2.07,Buy,POSITIVE,0.748120903968811
2023-04-12,160.10000610351562,-0.004353214769634461,154.01339965820313,149.35874965667725,1.53,31260000000.0,104.64052686504289,83.21460001817192,0.09,1.01,2.09,Sell,NEGATIVE,0.9668051600456238
2023-04-11,160.8000030517578,-0.007591160506113748,153.72999938964844,149.21604961395263,1.53,31260000000.0,105.09804121029923,83.56669010825424,0.09,0.98,2.08,Sell,POSITIVE,0.9965620636940002
2023-04-10,162.02999877929688,-0.01597233586979263,153.39319946289064,149.06234958648682,1.53,31260000000.0,105.90195998646854,84.18536324332659,0.09,0.93,2.04,Sell,POSITIVE,0.9997097849845886
2023-04-06,164.66000366210938,0.005495903672834368,152.98979949951172,148.92934955596922,1.53,31260000000.0,107.62091742621527,85.5082242335519,0.09,0.95,2.05,Buy,POSITIVE,0.748120903968811
2023-04-05,163.75999450683594,-0.011290287513422759,152.54719940185547,148.76984951019287,1.53,31260000000.0,107.03267614825879,85.05553039631322,0.09,0.98,2.1,Sell,POSITIVE,0.996917963027954
2023-04-04,165.6300048828125,-0.003249643690696802,152.0941995239258,148.61044956207274,1.53,31260000000.0,108.25490515216504,85.99612324230465,0.1,0.99,2.08,Sell,POSITIVE,0.748120903968811
2023-04-03,166.1699981689453,0.00770166355044366,151.53899932861327,148.46794956207276,1.53,31260000000.0,108.60784194048713,86.26773340465719,0.1,1.02,2.13,Buy,POSITIVE,0.748120903968811
2023-03-31,164.89999389648438,0.025688807080108234,150.92099945068358,148.35029956817627,1.53,31260000000.0,107.77777378855188,85.62893645015822,0.09,1.05,2.16,Buy,POSITIVE,0.748120903968811
2023-03-29,160.77000427246094,0.019790742129842442,150.32719970703124,148.2655996322632,1.89,38932000000.0,85.06349432405341,67.49912260033045,0.1,1.08,2.1,Buy,POSITIVE,0.748120903968811
2023-03-28,157.64999389648438,-0.003980318976947728,149.83059967041015,148.20529964447022,1.89,38932000000.0,83.41269518332507,66.22951214568019,0.11,1.09,2.05,Sell,NEGATIVE,0.9901580214500428
2023-03-27,158.27999877929688,-0.012293299349161457,149.3727996826172,148.14774967193603,1.89,38932000000.0,83.74603110015708,66.485876929547,0.1,1.05,2.02,Sell,POSITIVE,0.9964886903762816
2023-03-24,160.25,0.008305589788276002,148.87539978027343,148.0832497024536,1.89,38932000000.0,84.7883597883598,67.28751982302477,0.12,1.13,2.05,Buy,POSITIVE,0.9961950778961182
2023-03-23,158.92999267578125,0.006969466083539766,148.34019989013672,148.03804973602294,1.89,38932000000.0,84.08994321469908,66.75037574429122,0.11,1.16,2.01,Buy,POSITIVE,0.9985553622245787
2023-03-22,157.8300018310547,-0.009103446505241086,147.77619995117186,147.98694980621337,1.89,38932000000.0,83.50793747674851,66.3027618878638,0.11,1.17,2.09,Sell,NEGATIVE,0.9995678067207336
2023-03-21,159.27999877929688,0.011944122971497162,147.22259979248048,147.94199977874757,1.89,38932000000.0,84.27513162925761,66.89280200403586,0.1,1.16,2.12,Buy,POSITIVE,0.748120903968811
2023-03-20,157.39999389648438,0.015483831590221708,146.62939971923828,147.89379978179932,1.89,38932000000.0,83.28042005104994,66.12778087705797,0.12,1.23,2.13,Buy,POSITIVE,0.748120903968811
2023-03-17,155.0,-0.00545400109224925,145.98179977416993,147.82569980621338,1.89,38932000000.0,82.01058201058201,65.15116318195828,0.13,1.22,2.08,Sell,NEGATIVE,0.988436758518219
2023-03-16,155.85000610351562,0.018694035607962345,145.40899978637697,147.7532998275757,1.89,38932000000.0,82.46032068969082,65.49705197894737,0.14,1.19,2.09,Buy,NEGATIVE,0.6340497732162476
2023-03-15,152.99000549316406,0.0026214638237991306,144.79339965820313,147.67584980010986,1.89,38932000000.0,80.94709285352596,64.3332460175419,0.14,1.2,2.05,Buy,POSITIVE,0.996917963027954
2023-03-14,152.58999633789062,0.01408915464869298,144.32579956054687,147.6264497756958,1.89,38932000000.0,80.73544779782573,64.17047226223603,0.12,1.16,1.95,Buy,NEGATIVE,0.9954237341880798
2023-03-13,150.47000122070312,0.013266001486216261,143.7947996520996,147.5514497756958,1.89,38932000000.0,79.61375725963129,63.3077930912585,0.15,1.18,1.96,Buy,POSITIVE,0.748120903968811
2023-03-10,148.5,-0.0138787196275717,143.38599960327147,147.48584980010986,1.89,38932000000.0,78.57142857142857,62.50615019778075,0.15,1.18,1.93,Sell,POSITIVE,0.9810457229614258
2023-03-09,150.58999633789062,-0.014914625839747453,143.05319961547852,147.44744983673095,1.89,38932000000.0,79.67724673962468,63.356622113258325,0.15,1.2,1.98,Sell,POSITIVE,0.8912172317504883
2023-03-08,152.8699951171875,0.00837723590066819,142.68599960327148,147.44069988250732,1.89,38932000000.0,80.88359530009922,64.2844107863582,0.15,1.15,1.96,Buy,POSITIVE,0.748120903968811
2023-03-07,151.60000610351562,-0.014496494188358522,142.33759963989257,147.40404987335205,1.89,38932000000.0,80.21164344101356,63.767620412369745,0.17,1.19,2.0,Sell,POSITIVE,0.8926444053649902
2023-03-06,153.8300018310547,0.01853938339660255,141.9515995788574,147.38159984588623,1.89,38932000000.0,81.3915353603464,64.6750615899084,0.14,1.1,1.96,Buy,POSITIVE,0.8981420397758484
2023-03-03,151.02999877929688,0.035090089703815774,141.5223994445801,147.32524982452392,1.89,38932000000.0,79.91005226417825,63.53567013950283,0.14,1.04,1.87,Buy,POSITIVE,0.9993684887886048
2023-03-02,145.91000366210938,0.0041291453691869595,141.19199935913085,147.30259983062743,1.89,38932000000.0,77.20106013868221,61.452215745058744,0.16,1.13,1.89,Buy,POSITIVE,0.748120903968811
2023-03-01,145.30999755859375,-0.014246021649447993,141.00379928588868,147.34559978485106,1.89,38932000000.0,76.88359659184854,61.20805821669189,0.14,1.08,1.83,Sell,POSITIVE,0.748120903968811
2023-02-28,147.41000366210938,-0.003447772533457294,140.96179946899414,147.3793497848511,1.89,38932000000.0,77.994710932333,62.06260335679202,0.17,1.23,1.92,Sell,POSITIVE,0.9234446287155152
2023-02-27,147.9199981689453,0.008247504598905886,140.922999420166,147.428699760437,1.89,38932000000.0,78.26454929573826,62.27013290947515,0.17,1.24,1.95,Buy,POSITIVE,0.748120903968811
2023-02-24,146.7100067138672,-0.018005269695533066,140.8543995666504,147.4729497909546,1.89,38932000000.0,77.62434217664931,61.777757046486606,0.18,1.26,2.01,Sell,POSITIVE,0.985895574092865
2023-02-23,149.39999389648438,0.0032905125399556034,140.76339950561524,147.56949977874757,1.89,38932000000.0,79.0476158182457,62.87238028114716,0.17,1.27,2.02,Buy,POSITIVE,0.9967407584190368
2023-02-22,148.91000366210938,0.0028960664530148783,140.62839950561522,147.61989978790282,1.89,38932000000.0,78.7883617259838,62.6729909685253,0.18,1.24,2.0,Buy,POSITIVE,0.748120903968811
2023-02-21,148.47999572753906,-0.026679824600448265,140.46899948120117,147.66514980316163,1.89,38932000000.0,78.56084430028523,62.49800995771949,0.18,1.22,1.97,Sell,POSITIVE,0.748120903968811
2023-02-17,152.5500030517578,-0.007546702305912589,140.35759963989258,147.71099979400634,1.89,38932000000.0,80.71428732897239,64.15419799129738,0.18,1.22,1.91,Sell,NEGATIVE,0.624040961265564
2023-02-16,153.7100067138672,-0.010429376798369527,140.23919967651366,147.7664497756958,1.89,38932000000.0,81.32804588035302,64.62623256790857,0.2,1.33,1.98,Sell,NEGATIVE,0.9971768856048584
2023-02-15,155.3300018310547,0.013903426404976438,140.1211994934082,147.78074977874755,1.89,38932000000.0,82.1851861539972,65.28544920164167,0.21,1.33,2.02,Buy,NEGATIVE,0.9701074957847596
2023-02-14,153.1999969482422,-0.004224953717818392,139.98079940795898,147.78809978485108,1.89,38932000000.0,81.05819944351438,64.41869680604158,0.24,1.34,1.96,Sell,NEGATIVE,0.9987221360206604
2023-02-13,153.85000610351562,0.01880677902118011,139.87739944458008,147.8364998245239,1.89,38932000000.0,81.40211963148975,64.68320182996966,0.2,1.16,1.83,Buy,POSITIVE,0.9992607235908508
2023-02-10,151.00999450683594,0.0009279472007650558,139.62379928588868,147.876199760437,1.89,38932000000.0,79.89946799303489,63.52752989944157,0.21,1.18,1.87,Buy,POSITIVE,0.748120903968811
2023-02-09,150.8699951171875,-0.006911552556695955,139.487999420166,147.95324977874756,1.89,38932000000.0,79.82539424189815,63.47056063738049,0.24,1.14,1.78,Sell,NEGATIVE,0.9953635931015016
2023-02-08,151.9199981689453,-0.017652737376545935,139.43279953002929,148.03504978179933,1.89,38932000000.0,80.38095141214038,63.89783320743056,0.25,1.15,1.77,Sell,POSITIVE,0.748120903968811
2023-02-07,154.64999389648438,0.019244699473851767,139.41579971313476,148.11244976043702,1.89,38932000000.0,81.82539359602349,65.00873692221363,0.27,1.21,1.76,Buy,POSITIVE,0.748120903968811
2023-02-06,151.72999572753906,-0.01792883024246561,139.3263996887207,148.16454982757568,1.89,38932000000.0,80.28042101986195,63.82051644980826,0.26,1.13,1.69,Sell,NEGATIVE,0.5667083263397217
2023-02-03,154.5,0.024399897209064214,139.25199966430665,148.23234981536865,1.89,38932000000.0,81.74603174603175,64.94770064471386,0.28,1.21,1.75,Buy,POSITIVE,0.907100796699524
2023-02-02,150.82000732421875,0.03706260688917107,139.1877995300293,148.31184978485106,1.89,38932000000.0,79.79894567418982,63.45021935100314,0.31,1.26,1.8,Buy,NEGATIVE,0.9915629625320436
2023-02-01,145.42999267578125,0.007900751560697472,139.185799407959,148.39604976654053,1.89,38932000000.0,76.94708607184194,61.25688723869171,0.29,1.27,1.87,Buy,POSITIVE,0.9992458820343018
2023-01-31,144.2899932861328,0.009020932070858745,139.25299942016602,148.4976498031616,1.89,38932000000.0,76.34391179160467,60.792992902141776,0.28,1.26,1.87,Buy,NEGATIVE,0.9996403455734252
2023-01-30,143.0,-0.020078070464177533,139.36799942016603,148.62664981842042,1.89,38932000000.0,75.66137566137567,60.26806228809206,0.27,1.25,1.88,Sell,POSITIVE,0.748120903968811
2023-01-27,145.92999267578125,0.013684258613779976,139.47359939575196,148.77234981536864,1.89,38932000000.0,77.2116363363922,61.46034977593614,0.27,1.21,1.81,Buy,POSITIVE,0.9959484934806824
2023-01-26,143.9600067138672,0.014803370185255682,139.54899948120118,148.90184986114502,1.89,38932000000.0,76.16931572162285,60.658713091642255,0.26,1.23,1.82,Buy,POSITIVE,0.9929218888282776
2023-01-25,141.86000061035156,-0.00470075194473818,139.60719924926758,149.05734981536864,1.89,38932000000.0,75.0582013811384,59.80416795154213,0.29,1.26,1.86,Sell,NEGATIVE,0.9992936849594116
2023-01-24,142.52999877929688,0.010063058343160014,139.4673991394043,149.24024982452391,1.89,38932000000.0,75.41269776682375,60.07680700634758,0.26,1.19,1.87,Buy,POSITIVE,0.9967407584190368
2023-01-23,141.11000061035156,0.02350043960188808,139.40679916381836,149.3991498184204,1.89,38932000000.0,74.661375984313,59.49897414567548,0.27,1.18,1.82,Buy,NEGATIVE,0.9701011180877686
2023-01-20,137.8699951171875,0.01922074933545259,139.36299911499023,149.56664981842042,1.89,38932000000.0,72.94708736359128,58.180534669025405,0.27,1.17,1.85,Buy,POSITIVE,0.748120903968811
2023-01-19,135.27000427246094,0.00044373608175840573,139.37319931030274,149.77209987640381,1.89,38932000000.0,71.57143083198991,57.12253320086471,0.29,1.24,1.89,Buy,POSITIVE,0.748120903968811
2023-01-18,135.2100067138672,-0.005369984658148752,139.44539932250976,149.97374988555907,1.89,38932000000.0,71.53968609199322,57.0981186898648,0.28,1.23,1.86,Sell,POSITIVE,0.999363362789154
2023-01-17,135.94000244140625,0.008756366745847899,139.64179916381835,150.17129985809325,1.89,38932000000.0,71.92592721767527,57.39517225567018,0.31,1.25,1.91,Buy,POSITIVE,0.748120903968811
2023-01-13,134.75999450683594,0.010119112567793076,139.93599899291993,150.36194988250733,1.89,38932000000.0,71.3015843951513,56.914997438997716,0.33,1.26,1.88,Buy,NEGATIVE,0.9925836324691772
2023-01-12,133.41000366210938,-0.0005993095195339082,140.30759902954102,150.53919994354249,1.89,38932000000.0,70.5873035249256,56.36565231394809,0.39,1.27,1.9,Sell,POSITIVE,0.9948869347572328
2023-01-11,133.49000549316406,0.02111229140844828,140.7541990661621,150.71624996185304,1.89,38932000000.0,70.62963253606564,56.398207065009274,0.38,1.29,1.96,Buy,POSITIVE,0.748120903968811
2023-01-10,130.72999572753906,0.004456410743407302,140.98039901733398,150.87569995880128,1.89,38932000000.0,69.16930990875083,55.27508988554236,0.38,1.27,1.93,Buy,POSITIVE,0.9995152950286864
2023-01-09,130.14999389648438,0.004088865910060413,141.35279922485353,151.04194995880127,1.89,38932000000.0,68.86243063306053,55.03907259723675,0.39,1.26,1.9,Buy,POSITIVE,0.9810457229614258
2023-01-06,129.6199951171875,0.036794101724815675,141.79659927368164,151.1942999649048,1.89,38932000000.0,68.58200799851191,54.823402804492375,0.4,1.37,2.01,Buy,POSITIVE,0.748120903968811
2023-01-05,125.0199966430664,-0.010604653061194957,142.19319931030273,151.3441499710083,1.89,38932000000.0,66.14814637199281,52.95154808276204,0.38,1.37,2.07,Sell,NEGATIVE,0.8992550373077393
2023-01-04,126.36000061035156,0.010314231379827232,142.6381994628906,151.49449996948243,1.89,38932000000.0,66.8571431800802,53.49682929696491,0.41,1.43,2.09,Buy,NEGATIVE,0.9948805570602416
2023-01-03,125.06999969482422,-0.035028168306055485,142.97879943847656,151.6157999420166,1.89,38932000000.0,66.17460301313452,52.971895578323256,0.45,1.47,2.09,Sell,POSITIVE,0.996917963027954
2022-12-29,129.61000061035156,0.02832433885189234,143.3545994567871,151.76409992218018,1.29,27759000000.0,100.472868690195,78.01643877593192,0.43,1.5,2.11,Buy,POSITIVE,0.748120903968811
2022-12-28,126.04000091552734,-0.03068521034551308,143.63739944458007,151.90864994049073,1.29,27759000000.0,97.70542706630026,75.96600387609934,0.46,1.53,2.11,Sell,POSITIVE,0.748120903968811
2022-12-27,130.02999877929688,-0.01387836965405731,143.9647994995117,152.09319992065429,1.29,27759000000.0,100.7984486661216,78.25766538015819,0.46,1.51,2.08,Sell,POSITIVE,0.748120903968811
2022-12-23,131.86000061035156,-0.0027981178941416385,144.13179962158202,152.23024993896485,1.29,27759000000.0,102.21705473670663,79.3087297896572,0.48,1.5,2.08,Sell,POSITIVE,0.9971152544021606
2022-12-22,132.22999572753906,-0.02377261936693542,144.35439971923827,152.36744995117186,1.29,27759000000.0,102.50387265700702,79.52123706301882,0.47,1.47,2.05,Sell,POSITIVE,0.748120903968811
2022-12-21,135.4499969482422,0.023809477126406797,144.4765997314453,152.5221499633789,1.29,27759000000.0,104.99999763429626,81.37064979266286,0.51,1.55,2.12,Buy,NEGATIVE,0.8356524109840393
2022-12-20,132.3000030517578,-0.0005287608069164396,144.54719970703124,152.67604995727538,1.29,27759000000.0,102.55814190058744,79.56144587901119,0.58,1.65,2.18,Sell,POSITIVE,0.9954656958580016
2022-12-19,132.3699951171875,-0.01590959391154889,144.709599609375,152.84734992980958,1.29,27759000000.0,102.61239931564923,79.60164593109424,0.57,1.62,2.14,Sell,NEGATIVE,0.996084451675415
2022-12-16,134.50999450683594,-0.014578794821714758,144.86399963378906,153.00149993896486,1.29,27759000000.0,104.27131357119065,80.83075792248103,0.6,1.62,2.14,Sell,POSITIVE,0.748120903968811
2022-12-15,136.5,-0.04685431463789913,145.08239959716798,153.15454994201662,1.29,27759000000.0,105.81395348837209,81.97372068518318,0.58,1.54,2.07,Sell,POSITIVE,0.748120903968811
2022-12-14,143.2100067138672,-0.015535811424151502,145.28039947509765,153.29629997253417,1.29,27759000000.0,111.01550908051719,85.8276235200129,0.58,1.53,2.1,Sell,POSITIVE,0.748120903968811
2022-12-13,145.47000122070312,0.006782446468835079,145.33819946289063,153.39394996643065,1.29,27759000000.0,112.7674428067466,87.12565489434736,0.65,1.56,2.12,Buy,NEGATIVE,0.9771952033042908
2022-12-12,144.49000549316406,0.01638999557563814,145.2777993774414,153.46694999694824,1.29,27759000000.0,112.00775619625121,86.56279281781941,0.7,1.66,2.16,Buy,POSITIVE,0.9949796795845032
2022-12-09,142.16000366210938,-0.0034349124103753015,145.15199920654297,153.5661000061035,1.29,27759000000.0,110.20155322644138,85.22455262749257,0.75,1.66,2.09,Sell,POSITIVE,0.996917963027954
2022-12-08,142.64999389648438,0.012132761639400691,145.3055990600586,153.69180000305175,1.29,27759000000.0,110.58139061742975,85.50597928380189,0.75,1.61,2.07,Buy,POSITIVE,0.748120903968811
2022-12-07,140.94000244140625,-0.013784907775671984,145.48779907226563,153.8229500579834,1.29,27759000000.0,109.25581584605135,84.52384302115989,0.78,1.62,2.11,Sell,NEGATIVE,0.908017873764038
2022-12-06,142.91000366210938,-0.025369986338581674,145.6843991088867,153.98100006103516,1.29,27759000000.0,110.78294857527858,85.65531629873433,0.78,1.63,2.12,Sell,NEGATIVE,0.9767999053001404
2022-12-05,146.6300048828125,-0.00798317228381984,145.83479888916017,154.13040000915527,1.29,27759000000.0,113.66667045179263,87.7919048092062,0.76,1.6,2.11,Sell,POSITIVE,0.748120903968811
2022-12-02,147.80999755859375,-0.0033713168918532155,145.9569989013672,154.24165000915528,1.29,27759000000.0,114.58139345627423,88.46963544528343,0.78,1.66,2.14,Sell,NEGATIVE,0.5770772099494934
2022-12-01,148.30999755859375,0.0018915002472865705,146.07519897460938,154.34580001831054,1.29,27759000000.0,114.96899035549903,88.75681122611127,0.89,1.78,2.23,Buy,POSITIVE,0.9995054006576538
2022-11-30,148.02999877929688,0.04859389884061516,146.2469989013672,154.46485000610352,1.29,27759000000.0,114.75193703821463,88.59599348996043,0.88,1.76,2.22,Buy,POSITIVE,0.9961330890655518
2022-11-29,141.1699981689453,-0.021148266717113118,146.37599884033204,154.6061000061035,1.29,27759000000.0,109.43410710770954,84.65594142644608,0.91,1.81,2.25,Sell,POSITIVE,0.9911826848983764
2022-11-28,144.22000122070312,-0.02626425881856731,146.56659881591796,154.77440002441406,1.29,27759000000.0,111.79845055868459,86.40771544227776,0.91,1.82,2.25,Sell,POSITIVE,0.985895574092865
2022-11-25,148.11000061035156,-0.01959360938875554,146.72959869384766,154.91160003662108,1.29,27759000000.0,114.81395396151284,88.64194266656199,1.14,1.96,2.3,Sell,NEGATIVE,0.9431456327438354
2022-11-23,151.07000732421875,0.0059263196953200925,146.8735986328125,155.03300003051757,1.29,27759000000.0,117.1085328094719,90.34202714518291,1.07,1.84,2.24,Buy,POSITIVE,0.748120903968811
2022-11-22,150.17999267578125,0.014661159715434469,146.92899841308594,155.1421499633789,1.29,27759000000.0,116.41859897347383,89.8308458419564,1.13,1.9,2.29,Buy,POSITIVE,0.748120903968811
2022-11-21,148.00999450683594,-0.02168020969565021,147.19399841308595,155.27044998168947,1.29,27759000000.0,114.73642985026041,88.5845040048327,1.11,1.94,2.37,Sell,NEGATIVE,0.997284770011902
2022-11-18,151.2899932861328,0.003781794458686649,147.38119842529298,155.40345001220703,1.29,27759000000.0,117.27906456289365,90.46837642595057,1.09,1.9,2.34,Buy,POSITIVE,0.748120903968811
2022-11-17,150.72000122070312,0.01297135574741759,147.44459869384767,155.52090003967285,1.29,27759000000.0,116.83721024860706,90.14100059303968,1.05,1.85,2.31,Buy,NEGATIVE,0.9570192694664
2022-11-16,148.7899932861328,-0.00833111207633952,147.54939880371094,155.6189500427246,1.29,27759000000.0,115.34108006676962,89.03249752181138,1.03,1.82,2.24,Sell,POSITIVE,0.748120903968811
2022-11-15,150.0399932861328,0.011869399253607638,147.6641989135742,155.67110008239746,1.29,27759000000.0,116.31007231483163,89.75043697388097,1.17,1.85,2.24,Buy,POSITIVE,0.748120903968811
2022-11-14,148.27999877929688,-0.009485625904429806,147.77959899902345,155.71935012817383,1.29,27759000000.0,114.94573548782704,88.73958138037435,1.16,1.89,2.29,Sell,NEGATIVE,0.8461217880249023
2022-11-11,149.6999969482422,0.019268754171310798,147.97319915771484,155.77685012817383,1.29,27759000000.0,116.04650926220324,89.55515954625629,1.08,1.84,2.28,Buy,NEGATIVE,0.993047058582306
2022-11-10,146.8699951171875,0.08897457132383879,148.12359924316405,155.83645011901856,1.29,27759000000.0,113.8527093931686,87.9297435751016,1.13,1.86,2.29,Buy,NEGATIVE,0.9984906911849976
2022-11-09,134.8699951171875,-0.03318999915994625,148.3643994140625,155.91415016174315,1.29,27759000000.0,104.55038381177326,81.03752483523344,1.01,1.71,2.17,Sell,POSITIVE,0.748120903968811
2022-11-08,139.5,0.004175078021159573,148.894599609375,156.0623501586914,1.29,27759000000.0,108.13953488372093,83.69677537015022,0.91,1.56,2.11,Buy,POSITIVE,0.748120903968811
2022-11-07,138.9199981689453,0.003902249364639898,149.37699951171874,156.1960001373291,1.29,27759000000.0,107.68992106119791,83.3636504127208,1.06,1.74,2.24,Buy,POSITIVE,0.748120903968811
2022-11-04,138.3800048828125,-0.003600230288167805,149.99919952392577,156.35040016174315,1.29,27759000000.0,107.27132161458333,83.05350442554685,1.08,1.74,2.24,Sell,POSITIVE,0.748120903968811
2022-11-03,138.8800048828125,-0.04240497792352105,150.58219940185546,156.5238501739502,1.29,27759000000.0,107.65891851380813,83.34068020637469,1.05,1.65,2.16,Sell,NEGATIVE,0.9995269775390624
2022-11-02,145.02999877929688,-0.03730498071609045,151.14919921875,156.69040016174316,1.29,27759000000.0,112.42635564286579,86.8729388049934,1.07,1.71,2.19,Sell,POSITIVE,0.996917963027954
2022-11-01,150.64999389648438,-0.0175427318745901,151.59999938964845,156.84290016174316,1.29,27759000000.0,116.78294100502664,90.10079177704732,1.12,1.8,2.24,Sell,POSITIVE,0.748120903968811
2022-10-31,153.33999633789062,-0.015410357458724877,152.01739959716798,156.965050201416,1.29,27759000000.0,118.86821421541909,91.64579888012658,1.15,1.87,2.29,Sell,POSITIVE,0.748120903968811
2022-10-28,155.74000549316406,0.07555250145606562,152.43359954833986,157.0593002319336,1.29,27759000000.0,120.72868642880935,93.0242478864458,1.19,1.92,2.38,Buy,NEGATIVE,0.9987756609916688
2022-10-27,144.8000030517578,-0.03046536903791064,152.8097994995117,157.1414501953125,1.29,27759000000.0,112.2480643812076,86.74084039970718,1.22,1.96,2.36,Sell,NEGATIVE,0.958988070487976
2022-10-26,149.35000610351562,-0.019627086164182295,153.3743994140625,157.2774501800537,1.29,27759000000.0,115.77519852985706,89.35414175802238,1.28,2.1,2.47,Sell,POSITIVE,0.8760325908660889
2022-10-25,152.33999633789062,0.019337567404898115,153.8511993408203,157.40530014038086,1.29,27759000000.0,118.09302041696948,91.0714473184709,1.28,2.1,2.49,Buy,POSITIVE,0.996354341506958
2022-10-24,149.4499969482422,0.014802693097965003,154.2463995361328,157.5421001434326,1.29,27759000000.0,115.85271081259084,89.41157165584237,1.35,2.18,2.46,Buy,POSITIVE,0.9858696460723876
2022-10-21,147.27000427246094,0.027059103837980825,154.62719970703125,157.7049001312256,1.29,27759000000.0,114.16279400965963,88.15948945810946,1.3,2.17,2.5,Buy,POSITIVE,0.748120903968811
2022-10-20,143.38999938964844,-0.003267073673773546,155.0665997314453,157.85640014648436,1.29,27759000000.0,111.15503828654917,85.93100259443445,1.29,2.14,2.42,Sell,POSITIVE,0.748120903968811
2022-10-19,143.86000061035156,0.0007652216372282528,155.49719970703126,158.03635017395018,1.29,27759000000.0,111.51938031810198,86.20094852952535,1.4,2.33,2.55,Buy,NEGATIVE,0.9988125562667848
2022-10-18,143.75,0.009409425626236034,155.91739959716796,158.2135001373291,1.29,27759000000.0,111.43410852713178,86.13776950718686,1.59,2.39,2.6,Buy,POSITIVE,0.9810457229614258
2022-10-17,142.41000366210938,0.02912269574429982,156.34939971923828,158.39640014648438,1.29,27759000000.0,110.39535167605378,85.3681405179065,1.52,2.34,2.52,Buy,POSITIVE,0.996917963027954
2022-10-14,138.3800048828125,-0.03224001981433555,156.81739959716796,158.5657501220703,1.29,27759000000.0,107.27132161458333,83.05350442554685,1.55,2.37,2.51,Sell,POSITIVE,0.748120903968811
2022-10-13,142.99000549316406,0.0336129050048255,157.37239959716797,158.7520500946045,1.29,27759000000.0,110.84496549857678,85.7012654753359,1.67,2.55,2.6,Buy,NEGATIVE,0.9997190833091736
2022-10-12,138.33999633789062,-0.004604974883602009,157.7127993774414,158.9020500946045,1.29,27759000000.0,107.2403072386749,83.03052545529138,1.69,2.54,2.57,Sell,NEGATIVE,0.9822403788566588
2022-10-11,138.97999572753906,-0.01025496695758199,158.17619934082032,159.05910011291505,1.29,27759000000.0,107.73643079654191,83.39811010419466,1.67,2.49,2.53,Sell,POSITIVE,0.9997469782829284
2022-10-10,140.4199981689453,0.0023556416566585803,158.64679931640626,159.2199001312256,1.29,27759000000.0,108.85271175887233,84.22517775520433,1.64,2.44,2.48,Buy,NEGATIVE,0.9935014843940736
2022-10-07,140.08999633789062,-0.03671867294799025,158.98539947509767,159.37910011291504,1.29,27759000000.0,108.59689638596173,84.03564068818882,1.63,2.42,2.44,Sell,POSITIVE,0.748120903968811
2022-10-06,145.42999267578125,-0.0066256916744750205,159.3193994140625,159.57515014648436,1.29,27759000000.0,112.73642843083817,87.10267592409193,1.72,2.55,2.44,Sell,POSITIVE,0.996917963027954
2022-10-05,146.39999389648438,0.0020533044519943644,159.4427996826172,159.71965019226073,1.29,27759000000.0,113.48836736161579,87.65979764001068,1.72,2.56,2.48,Buy,NEGATIVE,0.958988070487976
2022-10-04,146.10000610351562,0.02562309044204225,159.57379974365233,159.86635025024415,1.29,27759000000.0,113.25581868489583,87.48749918264143,1.77,2.69,2.57,Buy,POSITIVE,0.748120903968811
2022-10-03,142.4499969482422,0.030752533240588242,159.73359954833984,160.0331002044678,1.29,27759000000.0,110.42635422344355,85.39111072425261,1.79,2.7,2.63,Buy,NEGATIVE,0.9564829468727112
2022-09-30,138.1999969482422,-0.07768285954439114,159.99159973144532,160.19365020751954,1.29,27759000000.0,107.1317805800327,82.95011658721597,1.78,2.7,2.69,Sell,POSITIVE,0.748120903968811
2022-09-28,149.83999633789062,-0.012651543479456517,160.28839965820313,160.3780502319336,1.2,25881000000.0,124.86666361490886,97.00677642196844,1.81,2.76,2.76,Sell,NEGATIVE,0.9974020719528198
2022-09-27,151.75999450683594,0.0065662280713738586,160.3115997314453,160.48475021362304,1.2,25881000000.0,126.46666208902995,98.2008221036841,1.85,2.79,2.84,Buy,POSITIVE,0.9971869587898254
2022-09-26,150.77000427246094,0.0022602646628622214,160.21779998779297,160.55255027770997,1.2,25881000000.0,125.64167022705078,97.58514778512708,1.77,2.66,2.82,Buy,POSITIVE,0.748120903968811
2022-09-23,150.42999267578125,-0.015123823060790742,160.20579986572267,160.6079002380371,1.2,25881000000.0,125.35832722981772,97.3736947820382,1.78,2.66,2.81,Sell,POSITIVE,0.748120903968811
2022-09-22,152.74000549316406,-0.006375199842290069,160.1666000366211,160.67455024719237,1.2,25881000000.0,127.28333791097006,98.81029033401151,1.84,2.79,2.92,Sell,NEGATIVE,0.9107624888420104
2022-09-21,153.72000122070312,-0.02026764053209118,160.0216000366211,160.73470024108886,1.2,25881000000.0,128.10000101725262,99.41974907490739,1.84,2.79,2.95,Sell,POSITIVE,0.748120903968811
2022-09-20,156.89999389648438,0.01566544689199456,159.86440002441407,160.79260025024413,1.2,25881000000.0,130.749994913737,101.39738456634632,1.94,2.91,3.01,Buy,POSITIVE,0.9733395576477052
2022-09-19,154.47999572753906,0.025082938658552933,159.62380004882812,160.80930030822753,1.2,25881000000.0,128.73332977294922,99.8923891918058,1.93,2.87,2.9,Buy,POSITIVE,0.5195008516311646
2022-09-16,150.6999969482422,-0.010960151095764759,159.475,160.82095031738282,1.2,25881000000.0,125.58333079020183,97.54161027320447,2.01,2.96,2.94,Sell,POSITIVE,0.9961330890655518
2022-09-15,152.3699951171875,-0.018929898188280392,159.38800018310548,160.87715034484864,1.2,25881000000.0,126.97499593098959,98.58018110850767,2.06,2.94,2.95,Sell,POSITIVE,0.748120903968811
2022-09-14,155.30999755859375,0.009555390377639084,159.19900024414062,160.92235038757323,1.2,25881000000.0,129.4249979654948,100.40856682062685,2.03,2.84,2.88,Buy,NEGATIVE,0.9874635934829712
2022-09-13,153.83999633789062,-0.05867953721882391,158.92400024414061,160.9509004211426,1.2,25881000000.0,128.1999969482422,99.49437396456726,1.99,2.79,2.86,Sell,POSITIVE,0.748120903968811
2022-09-12,163.42999267578125,0.038507960517385253,158.62580017089843,160.98445045471192,1.2,25881000000.0,136.19166056315106,105.45838679548436,1.97,2.81,2.91,Buy,POSITIVE,0.748120903968811
2022-09-09,157.3699951171875,0.01883975318420772,158.09160034179686,160.95665046691894,1.2,25881000000.0,131.14166259765625,101.68967803675619,2.04,2.86,2.92,Buy,POSITIVE,0.748120903968811
2022-09-08,154.4600067138672,-0.009617850316921195,157.69300048828126,160.93725051879883,1.2,25881000000.0,128.716672261556,99.87995803648354,2.1,2.92,2.96,Sell,NEGATIVE,0.998576521873474
2022-09-07,155.9600067138672,0.00925391798269981,157.4370004272461,160.9199504852295,1.2,25881000000.0,129.966672261556,100.81280711495809,2.1,3.01,3.07,Buy,POSITIVE,0.996917963027954
2022-09-06,154.52999877929688,-0.008215126110989845,157.15100036621095,160.89015045166016,1.2,25881000000.0,128.7749989827474,99.9234860589746,2.16,3.01,3.03,Sell,NEGATIVE,0.9901612997055054
2022-09-02,155.80999755859375,-0.013611098150736467,156.82580047607422,160.86745048522948,1.2,25881000000.0,129.84166463216147,100.71951651345171,2.07,2.93,3.01,Sell,POSITIVE,0.9986531734466552
2022-09-01,157.9600067138672,0.004706815210650195,156.41660064697265,160.82775047302246,1.2,25881000000.0,131.63333892822266,102.0566058862575,2.08,3.01,3.15,Buy,POSITIVE,0.748120903968811
2022-08-31,157.22000122070312,-0.010634965719336975,155.97480041503906,160.77755043029785,1.2,25881000000.0,131.01666768391928,101.59639692468136,2.08,3.06,3.23,Sell,POSITIVE,0.748120903968811
2022-08-30,158.91000366210938,-0.015305497248539135,155.46160034179687,160.7455004119873,1.2,25881000000.0,132.4250030517578,102.6474084047384,1.99,2.95,3.19,Sell,POSITIVE,0.9929558038711548
2022-08-29,161.3800048828125,-0.013690198638440787,154.88460021972656,160.70315040588378,1.2,25881000000.0,134.48333740234375,104.1835006464477,2.01,2.91,3.12,Sell,NEGATIVE,0.9912283420562744
2022-08-26,163.6199951171875,-0.03769925135640162,154.36559997558595,160.65265037536622,1.2,25881000000.0,136.3499959309896,105.57654919706685,1.99,2.89,3.05,Sell,NEGATIVE,0.9864839911460876
2022-08-25,170.02999877929688,0.014922700520600518,153.74839996337892,160.5893504333496,1.2,25881000000.0,141.69166564941406,109.56292653654502,1.96,2.81,3.0,Buy,POSITIVE,0.5111641883850098
2022-08-24,167.52999877929688,0.001793954789346408,152.9854000854492,160.49665046691894,1.2,25881000000.0,139.60833231608075,108.00817807242076,2.04,2.89,3.1,Buy,NEGATIVE,0.999710977077484
2022-08-23,167.22999572753906,-0.0020290719210975805,152.37740020751954,160.40910049438477,1.2,25881000000.0,139.35832977294922,107.82160635883953,2.07,2.83,3.09,Sell,NEGATIVE,0.997899889945984
2022-08-22,167.57000732421875,-0.023029365962279114,151.8856002807617,160.3177505493164,1.2,25881000000.0,139.6416727701823,108.03305936192842,2.16,2.96,3.17,Sell,POSITIVE,0.748120903968811
2022-08-19,171.52000427246094,-0.015101864577650947,151.4934002685547,160.2289005279541,1.2,25881000000.0,142.93333689371747,110.48956003735844,2.16,2.89,3.07,Sell,POSITIVE,0.748120903968811
2022-08-18,174.14999389648438,-0.0022916594000563784,151.03720031738283,160.13415054321288,1.2,25881000000.0,145.124994913737,112.12514896880371,2.11,2.84,3.05,Sell,NEGATIVE,0.9809635877609252
2022-08-17,174.5500030517578,0.00878462857992468,150.47700042724608,160.00765060424806,1.2,25881000000.0,145.45833587646484,112.37391441672251,2.07,2.8,2.99,Buy,NEGATIVE,0.9900216460227966
2022-08-16,173.02999877929688,-0.0009238620004263787,149.8936004638672,159.88150062561036,1.2,25881000000.0,144.19166564941406,111.42862469349414,2.09,2.88,3.08,Sell,POSITIVE,0.748120903968811
2022-08-15,173.19000244140625,0.006333505515595528,149.4572006225586,159.7595506286621,1.2,25881000000.0,144.32500203450522,111.52813087266166,2.02,2.76,2.98,Buy,POSITIVE,0.748120903968811
2022-08-12,172.10000610351562,0.021425606817361276,148.9676007080078,159.6370506286621,1.2,25881000000.0,143.4166717529297,110.85026281976705,2.01,2.71,2.97,Buy,POSITIVE,0.9993807077407836
2022-08-11,168.49000549316406,-0.0044315763156265175,148.50240051269532,159.52395057678223,1.2,25881000000.0,140.40833791097006,108.60520565799435,1.99,2.7,2.99,Sell,NEGATIVE,0.9458741545677184
2022-08-10,169.24000549316406,0.026194563256017656,148.125400390625,159.4278005218506,1.2,25881000000.0,141.03333791097006,109.07163019723163,2.01,2.71,2.97,Buy,NEGATIVE,0.9335228204727172
2022-08-09,164.9199981689453,0.0003032877615012364,147.61620025634767,159.32540046691895,1.2,25881000000.0,137.43333180745444,106.38502029629777,2.08,2.81,3.07,Buy,POSITIVE,0.996917963027954
2022-08-08,164.8699951171875,-0.0029029995077690662,147.12820037841797,159.233550491333,1.2,25881000000.0,137.39166259765625,106.35392342912898,2.16,2.94,3.09,Sell,POSITIVE,0.748120903968811
2022-08-05,165.35000610351562,-0.0027742082012610636,146.63800048828125,159.13340049743653,1.2,25881000000.0,137.7916717529297,106.65244196663154,2.15,2.92,3.09,Sell,POSITIVE,0.748120903968811
2022-08-04,165.80999755859375,-0.0019262464022948844,146.19320037841797,159.02545043945312,1.2,25881000000.0,138.1749979654948,106.93851036994874,2.18,2.95,3.11,Sell,POSITIVE,0.748120903968811
2022-08-03,166.1300048828125,0.038247675683253046,145.6288003540039,158.9009504699707,1.2,25881000000.0,138.4416707356771,107.1375227282838,2.23,3.03,3.19,Buy,NEGATIVE,0.9912410974502563
2022-08-02,160.00999450683594,-0.009287350944318873,145.05320037841796,158.77785041809082,1.2,25881000000.0,133.34166208902997,103.33149203529416,2.26,2.99,3.13,Sell,NEGATIVE,0.9386804699897766
2022-08-01,161.50999450683594,-0.00615346768692393,144.66940063476562,158.6918504333496,1.2,25881000000.0,134.59166208902997,104.26434111376872,2.29,3.03,3.18,Sell,NEGATIVE,0.8560025095939636
2022-07-29,162.50999450683594,0.03279306134837845,144.4240008544922,158.59880043029784,1.2,25881000000.0,135.42499542236328,104.88624049941842,2.35,3.07,3.18,Buy,POSITIVE,0.9994254112243652
2022-07-28,157.35000610351562,0.0035717382573059453,144.08460083007813,158.50270042419433,1.2,25881000000.0,131.12500508626303,101.67724688143392,2.58,3.25,3.2,Buy,POSITIVE,0.9985894560813904
2022-07-27,156.7899932861328,0.034234742570348864,143.87980072021483,158.42595039367677,1.2,25881000000.0,130.65832773844403,101.32897525434757,2.89,3.56,3.42,Buy,POSITIVE,0.748120903968811
2022-07-26,151.60000610351562,-0.0088263541788981,143.59520080566406,158.34755043029784,1.2,25881000000.0,126.33333841959636,98.10132541394812,3.15,3.61,3.45,Sell,NEGATIVE,0.9997300505638124
2022-07-25,152.9499969482422,-0.0073982699509488326,143.49320068359376,158.28525039672851,1.2,25881000000.0,127.45833079020183,98.9408838909163,2.93,3.38,3.39,Sell,POSITIVE,0.9980053305625916
2022-07-22,154.08999633789062,-0.008110780277571505,143.5244006347656,158.23375038146972,1.2,25881000000.0,128.40833028157553,99.64984881097969,2.88,3.35,3.35,Sell,POSITIVE,0.748120903968811
2022-07-21,155.35000610351562,0.015094177461599134,143.48380065917968,158.17080039978026,1.2,25881000000.0,129.45833841959637,100.4334481101345,2.86,3.34,3.3,Buy,POSITIVE,0.748120903968811
2022-07-20,153.0399932861328,0.013509889312137924,143.5224005126953,158.10360038757324,1.2,25881000000.0,127.53332773844402,98.99685255816118,2.92,3.38,3.39,Buy,POSITIVE,0.9961330890655518
2022-07-19,151.0,0.026721917998667744,143.59700073242186,158.06525039672852,1.2,25881000000.0,125.83333333333334,97.72818198678567,2.79,3.22,3.25,Buy,POSITIVE,0.748120903968811
2022-07-18,147.07000732421875,-0.020643210245224752,143.8974008178711,158.04485038757323,1.2,25881000000.0,122.55833943684897,95.28412195610947,2.78,3.14,3.21,Sell,POSITIVE,0.8270247578620911
2022-07-15,150.1699981689453,0.011450103955445545,144.1456005859375,158.04365036010742,1.2,25881000000.0,125.14166514078777,97.21200435796462,2.83,3.18,3.26,Buy,NEGATIVE,0.994426727294922
2022-07-14,148.47000122070312,0.0204824772494705,144.30140075683593,158.02205039978028,1.2,25881000000.0,123.72500101725261,96.15477730024645,2.89,3.24,3.31,Buy,POSITIVE,0.748120903968811
2022-07-13,145.49000549316406,-0.0025366455206311533,144.48500061035156,157.99685035705568,1.2,25881000000.0,121.24167124430339,94.30151978805115,2.88,3.25,3.3,Sell,POSITIVE,0.748120903968811
2022-07-12,145.86000061035156,0.006833751132270249,144.84800048828126,157.98410034179688,1.2,25881000000.0,121.55000050862631,94.53161952412344,2.88,3.15,3.22,Buy,POSITIVE,0.9221326112747192
2022-07-11,144.8699951171875,-0.014757877230874183,145.0622006225586,157.9851003265381,1.2,25881000000.0,120.72499593098959,93.9159357161349,2.8,3.01,3.14,Sell,POSITIVE,0.996917963027954
2022-07-08,147.0399932861328,0.004714637197412497,145.30080078125,158.0047003173828,1.2,25881000000.0,122.53332773844402,95.26545624426295,2.79,2.88,3.11,Buy,POSITIVE,0.748120903968811
2022-07-07,146.35000610351562,0.02399949607133145,145.6176010131836,158.01465034484863,1.2,25881000000.0,121.95833841959636,94.83635363928717,2.77,2.82,3.05,Buy,POSITIVE,0.748120903968811
2022-07-06,142.9199981689453,0.009607238159132114,145.92640075683593,158.023500289917,1.2,25881000000.0,119.0999984741211,92.70323381200427,2.82,2.96,3.14,Buy,POSITIVE,0.748120903968811
2022-07-05,141.55999755859375,0.018930432746441683,146.39640075683593,158.05665031433105,1.2,25881000000.0,117.96666463216147,91.85745026794342,2.87,3.05,3.2,Buy,POSITIVE,0.748120903968811
2022-07-01,138.92999267578125,0.016164360995803317,146.90980072021483,158.0937003326416,1.2,25881000000.0,115.77499389648438,90.2218518470666,2.96,3.13,3.27,Buy,POSITIVE,0.748120903968811
2022-06-30,136.72000122070312,-0.0052386583812095155,147.4792007446289,158.16940040588378,1.2,25881000000.0,113.93333435058594,88.84745951886242,2.97,3.05,3.18,Sell,NEGATIVE,0.9912059903144836
2022-06-28,137.44000244140625,-0.029789645006425114,148.04620086669922,158.26135040283202,1.54,32716000000.0,89.24675483208198,70.97130411692315,3.07,3.01,3.13,Sell,POSITIVE,0.9967647790908812
2022-06-27,141.66000366210938,0.0,148.60320068359374,158.35760040283202,1.54,32716000000.0,91.98701536500609,73.0619006673764,3.21,3.02,3.08,Sell,POSITIVE,0.748120903968811
2022-06-24,141.66000366210938,0.024517243689154977,149.17800048828124,158.42080039978026,1.54,32716000000.0,91.98701536500609,73.0619006673764,3.16,3.06,3.11,Buy,NEGATIVE,0.987669050693512
2022-06-23,138.27000427246094,0.021573683319320303,149.69800048828125,158.48075035095215,1.54,32716000000.0,89.78571706003957,71.38248858681382,3.12,3.05,3.1,Buy,NEGATIVE,0.8644493818283081
2022-06-22,135.35000610351562,-0.003827107031419197,150.24760040283203,158.55195030212403,1.54,32716000000.0,87.88961435293223,69.93591599593913,3.13,3.06,3.14,Sell,POSITIVE,0.9972714781761168
2022-06-21,135.8699951171875,0.032760699593918474,150.94240020751954,158.6343502807617,1.54,32716000000.0,88.22726955661525,70.19351953238429,3.18,3.14,3.17,Buy,NEGATIVE,0.9754459857940674
2022-06-17,131.55999755859375,0.011533138767930717,151.66780029296876,158.72060028076172,1.54,32716000000.0,85.4285698432427,68.05833862668854,3.18,3.18,3.17,Buy,POSITIVE,0.9996236562728882
2022-06-16,130.05999755859375,-0.039651446559871295,152.47320037841797,158.80580032348632,1.54,32716000000.0,84.45454386921672,67.31523580238239,3.11,3.0,3.08,Sell,NEGATIVE,0.994285762310028
2022-06-15,135.42999267578125,0.020111466401181888,153.37320037841798,158.89320030212403,1.54,32716000000.0,87.94155368557225,69.9755414944439,3.01,2.87,3.0,Buy,POSITIVE,0.748120903968811
2022-06-14,132.75999450683594,0.006672653862921818,154.23340057373048,158.95785034179687,1.54,32716000000.0,86.20778864080255,68.65281937428689,3.07,2.89,3.04,Buy,POSITIVE,0.748120903968811
2022-06-13,131.8800048828125,-0.03828483784046022,155.06440063476563,159.04215034484864,1.54,32716000000.0,85.6363668070211,68.21687085763894,3.06,2.89,3.03,Sell,POSITIVE,0.999745547771454
2022-06-10,137.1300048828125,-0.038628677302390724,155.9190005493164,159.1313003540039,1.54,32716000000.0,89.04545771611201,70.81773074271047,3.0,2.82,3.03,Sell,POSITIVE,0.748120903968811
2022-06-09,142.63999938964844,-0.0359557115626985,156.7556005859375,159.18660034179686,1.54,32716000000.0,92.62337622704443,73.54739239600457,2.93,2.69,3.02,Sell,POSITIVE,0.97474867105484
2022-06-08,147.9600067138672,-0.005043372780172639,157.41480072021486,159.20690032958984,1.54,32716000000.0,96.0779264375761,76.18293404130881,2.98,2.7,3.0,Sell,POSITIVE,0.9956478476524352
2022-06-07,148.7100067138672,0.017585926747997416,157.95000061035157,159.19890029907228,1.54,32716000000.0,96.56493942458908,76.55448545346188,2.98,2.66,2.92,Buy,POSITIVE,0.998218595981598
2022-06-06,146.13999938964844,0.005227641225136415,158.4572006225586,159.20630027770997,1.54,32716000000.0,94.89610349977171,75.28129898605225,3.09,2.85,3.0,Buy,NEGATIVE,0.9970243573188782
2022-06-03,145.3800048828125,-0.03855566147871903,158.93860076904298,159.23120025634765,1.54,32716000000.0,94.40260057325487,74.9047962763943,3.14,2.86,2.96,Sell,POSITIVE,0.748120903968811
2022-06-02,151.2100067138672,0.016811242600575316,159.4074008178711,159.24980026245117,1.54,32716000000.0,98.1883160479657,77.7929901606388,3.11,2.76,2.97,Buy,NEGATIVE,0.958988070487976
2022-06-01,148.7100067138672,-0.0008733514325567349,159.69080078125,159.23820022583007,1.54,32716000000.0,96.56493942458908,76.55448545346188,3.29,2.97,3.06,Sell,POSITIVE,0.9993017911911012
2022-05-31,148.83999633789062,-0.005346184543042365,159.99620056152344,159.2239501953125,1.54,32716000000.0,96.64934827135755,76.61888255795675,3.3,2.91,3.0,Sell,POSITIVE,0.748120903968811
2022-05-27,149.63999938964844,0.04075671623385313,160.23180053710936,159.2077502441406,1.54,32716000000.0,97.16883077249898,77.01520557609993,3.33,2.97,3.01,Buy,NEGATIVE,0.9850148558616638
2022-05-26,143.77999877929688,0.02319950475175747,160.4308004760742,159.19000022888184,1.54,32716000000.0,93.363635570972,74.11215024010794,3.26,2.93,3.04,Buy,POSITIVE,0.998218595981598
2022-05-25,140.52000427246094,0.0011399519906925004,160.6570004272461,159.2018002319336,1.54,32716000000.0,91.24675602107853,72.49714282327305,3.25,2.98,3.15,Buy,POSITIVE,0.748120903968811
2022-05-24,140.36000061035156,-0.019215987619813357,160.85900024414062,159.23450019836426,1.54,32716000000.0,91.14285753918932,72.41787670779784,3.26,2.97,3.12,Sell,POSITIVE,0.9549031257629396
2022-05-23,143.11000061035156,0.04011922682885327,161.14640014648438,159.26745018005371,1.54,32716000000.0,92.92857182490361,73.78023188569246,3.23,2.91,3.1,Buy,NEGATIVE,0.998306393623352
2022-05-20,137.58999633789062,0.0017472895792529641,161.45460021972656,159.28870018005372,1.54,32716000000.0,89.34415346616274,71.04561137566063,3.26,2.95,3.11,Buy,POSITIVE,0.748120903968811
2022-05-19,137.35000610351562,-0.024641393553644142,161.96180023193358,159.32835021972656,1.54,32716000000.0,89.18831565163352,70.92671976168066,3.27,3.04,3.15,Sell,NEGATIVE,0.9973616003990172
2022-05-18,140.82000732421875,-0.056419176219683176,162.3636001586914,159.37090019226073,1.54,32716000000.0,91.44156319754464,72.64576489998085,3.24,3.02,3.14,Sell,NEGATIVE,0.9991517066955566
2022-05-17,149.24000549316406,0.02542264929033622,162.7332000732422,159.3950001525879,1.54,32716000000.0,96.90909447608055,76.81704784664477,3.26,3.11,3.22,Buy,POSITIVE,0.998218595981598
2022-05-16,145.5399932861328,-0.010672335787539122,163.01179992675782,159.37370010375977,1.54,32716000000.0,94.50648914683948,74.98405483263666,3.32,3.17,3.24,Sell,NEGATIVE,0.911164402961731
2022-05-13,147.11000061035156,0.03191640803646689,163.42559997558592,159.3798501586914,1.54,32716000000.0,95.5259744223062,75.76183941717552,3.29,3.18,3.26,Buy,POSITIVE,0.748120903968811
2022-05-12,142.55999755859375,-0.026894214617107504,163.81459991455077,159.38925018310547,1.54,32716000000.0,92.57142698609984,73.50775933826696,3.35,3.2,3.32,Sell,NEGATIVE,0.9986018538475036
2022-05-11,146.5,-0.05184127106082803,164.22739990234376,159.41925018310548,1.54,32716000000.0,95.12987012987013,75.45964396625504,3.33,3.15,3.25,Sell,NEGATIVE,0.958988070487976
2022-05-10,154.50999450683594,0.01611204121779708,164.5997998046875,159.42075019836426,1.54,32716000000.0,100.33116526417918,79.42781032672606,3.36,3.2,3.21,Buy,NEGATIVE,0.922410249710083
2022-05-09,152.05999755859375,-0.03318922470255159,164.8066000366211,159.3752001953125,1.54,32716000000.0,98.740258154931,78.21407722553926,3.43,3.27,3.25,Sell,POSITIVE,0.748120903968811
2022-05-06,157.27999877929688,0.0032531383104996703,165.0202001953125,159.34565017700194,1.54,32716000000.0,102.12986933720576,80.80007565886328,3.48,3.27,3.23,Buy,POSITIVE,0.9956478476524352
2022-05-05,156.77000427246094,-0.05571617733980727,165.07600036621093,159.27150016784668,1.54,32716000000.0,101.79870407302658,80.547423419923,3.5,3.3,3.27,Sell,POSITIVE,0.748120903968811
2022-05-04,166.02000427246094,0.0410083315784322,165.22700042724608,159.21960014343261,1.54,32716000000.0,107.80519757952008,85.1298908364776,3.51,3.39,3.37,Buy,POSITIVE,0.748120903968811
2022-05-03,159.47999572753906,0.009622619328101267,165.25260040283203,159.131900100708,1.54,32716000000.0,103.55843878411628,81.8899582893324,3.47,3.3,3.35,Buy,POSITIVE,0.748120903968811
2022-05-02,157.9600067138672,0.0019664626031408172,165.4406005859375,159.08025009155273,1.54,32716000000.0,102.57143293108258,81.13695287001647,3.61,3.43,3.49,Buy,NEGATIVE,0.9931602478027344
2022-04-29,157.64999389648438,-0.036604775821961866,165.7324005126953,159.01865005493164,1.54,32716000000.0,102.37012590680803,80.98337193657096,3.6,3.37,3.42,Sell,POSITIVE,0.976326584815979
2022-04-28,163.63999938964844,0.04515546870218534,166.0352005004883,158.95290008544922,1.54,32716000000.0,106.25973986340807,83.95083193629067,3.6,3.39,3.45,Buy,NEGATIVE,0.9988327622413636
2022-04-27,156.57000732421875,-0.001466809458308127,166.14000061035156,158.86025009155273,1.54,32716000000.0,101.66883592481737,80.44834455519542,3.67,3.45,3.47,Sell,POSITIVE,0.9956478476524352
2022-04-26,156.8000030517578,-0.03732810442527357,166.38140045166017,158.79360008239746,1.54,32716000000.0,101.81818379984273,80.5622848716705,3.7,3.47,3.53,Sell,NEGATIVE,0.9539535641670228
2022-04-25,162.8800048828125,0.006737200333224225,166.68780029296875,158.73245010375976,1.54,32716000000.0,105.76623693689123,83.57432922663271,3.92,3.58,3.51,Buy,POSITIVE,0.748120903968811
2022-04-22,161.7899932861328,-0.02782120498590701,166.95580017089844,154.77220189633013,1.54,32716000000.0,105.05843719878754,83.03433542928661,3.95,3.6,3.47,Sell,POSITIVE,0.748120903968811
2022-04-21,166.4199981689453,-0.004843614060203949,167.21660034179686,154.77220189633013,1.54,32716000000.0,108.06493387593851,85.32804856593278,4.0,3.66,3.48,Sell,POSITIVE,0.9881548881530762
2022-04-20,167.22999572753906,-0.0010155207595194948,167.32140045166017,154.77220189633013,1.54,32716000000.0,108.5909063165838,85.72932288158084,3.96,3.62,3.52,Sell,POSITIVE,0.748120903968811
2022-04-19,167.39999389648438,0.014115141872437453,167.42460052490233,154.77220189633013,1.54,32716000000.0,108.70129473797687,85.81354029456094,4.05,3.69,3.52,Buy,NEGATIVE,0.9501614570617676
2022-04-18,165.07000732421875,-0.0013309091345490298,167.53460052490234,154.77220189633013,1.54,32716000000.0,107.18831644429788,84.65926055959694,4.03,3.75,3.59,Sell,NEGATIVE,0.9990069270133972
2022-04-14,165.2899932861328,-0.02998826756681583,167.75000030517577,154.77220189633013,1.54,32716000000.0,107.33116447151481,84.7682420193343,4.08,3.74,3.5,Sell,POSITIVE,0.748120903968811
2022-04-13,170.39999389648438,0.016342539511671417,167.93640045166015,154.77220189633013,1.54,32716000000.0,110.6493466860288,87.29974594317324,4.08,3.91,3.65,Buy,NEGATIVE,0.9705689549446106
2022-04-12,167.66000366210938,0.01152340067637625,168.0240005493164,154.77220189633013,1.54,32716000000.0,108.87013224812297,85.94234962201634,4.15,3.96,3.61,Buy,NEGATIVE,0.9688791632652284
2022-04-11,165.75,-0.025515882364234077,168.0774005126953,154.77220189633013,1.54,32716000000.0,107.62987012987013,84.9961302115173,4.17,4.15,3.72,Sell,POSITIVE,0.9934066534042358
2022-04-08,170.08999633789062,-0.01190892912179875,167.94680053710937,154.77220189633013,1.54,32716000000.0,110.44804957005884,87.14617256896055,4.16,4.21,3.87,Sell,POSITIVE,0.748120903968811
2022-04-07,172.13999938964844,0.0018040944846089424,167.73880065917967,154.77220189633013,1.54,32716000000.0,111.7792203828886,88.16174794069218,3.99,3.92,3.7,Buy,POSITIVE,0.748120903968811
2022-04-06,171.8300018310547,-0.018450792714411857,167.49160064697264,154.77220189633013,1.54,32716000000.0,111.57792326691863,88.0081745664795,3.98,3.98,3.71,Sell,POSITIVE,0.998218595981598
2022-04-05,175.05999755859375,-0.018941968373500706,167.2874005126953,154.77220189633013,1.54,32716000000.0,113.67532308999594,89.60832053156689,4.05,4.06,3.79,Sell,POSITIVE,0.8245605230331421
2022-04-04,178.44000244140625,0.023693448113463633,167.03440063476563,154.77220189633013,1.54,32716000000.0,115.8701314554586,91.28278131462459,4.01,3.9,3.73,Buy,POSITIVE,0.748120903968811
2022-04-01,174.30999755859375,-0.0017181321270783867,166.75580047607423,154.77220189633013,1.54,32716000000.0,113.18831010298295,89.23676911941381,4.15,3.84,3.7,Sell,NEGATIVE,0.9966701865196228
2022-03-31,174.61000061035156,-0.024307140927138482,166.59420043945312,154.77220189633013,1.54,32716000000.0,113.38311727944907,89.3853911961216,4.14,3.96,3.78,Sell,POSITIVE,0.748120903968811
2022-03-29,178.9600067138672,0.019134399166084615,166.49800048828126,154.77220189633013,2.11,44185000000.0,84.81516905870484,67.93785546739385,4.19,4.05,3.81,Buy,POSITIVE,0.748120903968811
2022-03-28,175.60000610351562,0.005036657947940837,166.3802005004883,154.77220189633013,2.11,44185000000.0,83.22275170782731,66.6957258639151,4.24,4.14,3.86,Buy,NEGATIVE,0.9979840517044068
2022-03-25,174.72000122070312,0.003734094727035453,166.3120004272461,154.77220189633013,2.11,44185000000.0,82.80568778232376,66.37040445987141,4.28,4.14,3.92,Buy,NEGATIVE,0.9988076686859132
2022-03-24,174.07000732421875,0.02267787120671727,166.32820037841796,154.77220189633013,2.11,44185000000.0,82.49763380294728,66.13011383063271,4.28,4.12,3.9,Buy,POSITIVE,0.9826796054840088
2022-03-23,170.2100067138672,0.008233617636201895,166.34840026855468,154.77220189633013,2.11,44185000000.0,80.66824962742521,64.70314354592729,4.46,4.21,3.97,Buy,NEGATIVE,0.9994146823883056
2022-03-22,168.82000732421875,0.0208005946295855,166.38800018310548,154.77220189633013,2.11,44185000000.0,80.0094821441795,64.18928667775278,4.5,4.25,3.99,Buy,POSITIVE,0.8900238871574402
2022-03-21,165.3800048828125,0.008537682593916074,166.455,154.77220189633013,2.11,44185000000.0,78.37914923356043,62.91758188837096,4.5,4.24,4.04,Buy,NEGATIVE,0.958988070487976
2022-03-18,163.97999572753906,0.020918943546848645,166.58739990234375,154.77220189633013,2.11,44185000000.0,77.71563778556354,62.40002459640235,4.5,4.21,4.04,Buy,POSITIVE,0.965675413608551
2022-03-17,160.6199951171875,0.006454030972694147,166.80619995117186,154.77220189633013,2.11,44185000000.0,76.12322043468602,61.157894992923595,4.6,4.35,4.15,Buy,POSITIVE,0.985895574092865
2022-03-16,159.58999633789062,0.02901541109199557,167.18779998779297,154.77220189633013,2.11,44185000000.0,75.63506935445054,60.77712364086788,4.66,4.45,4.24,Buy,NEGATIVE,0.999455749988556
2022-03-15,155.08999633789062,0.029677342754030223,167.63619995117188,154.77220189633013,2.11,44185000000.0,73.50236793264959,59.11355750982793,4.58,4.34,4.33,Buy,NEGATIVE,0.998742401599884
2022-03-14,150.6199951171875,-0.026562403695717718,168.08580017089844,154.77220189633013,2.11,44185000000.0,71.38388394179503,57.46108136839038,4.61,4.36,4.4,Sell,POSITIVE,0.9957666397094728
2022-03-11,154.72999572753906,-0.02390870831928371,168.66100036621094,154.77220189633013,2.11,44185000000.0,73.33175152963938,58.98047199370913,4.6,4.25,4.26,Sell,NEGATIVE,0.9698851108551024
2022-03-10,158.52000427246094,-0.027186209013482565,169.1522003173828,154.77220189633013,2.11,44185000000.0,75.12796411017106,60.38156751630558,4.54,4.2,4.19,Sell,NEGATIVE,0.958988070487976
2022-03-09,162.9499969482422,0.034997423916368176,169.5884002685547,154.77220189633013,2.11,44185000000.0,77.22748670532806,62.01925324434662,4.5,4.09,4.12,Buy,POSITIVE,0.986297607421875
2022-03-08,157.44000244140625,-0.011676086470301161,169.8550003051758,154.77220189633013,2.11,44185000000.0,74.6161149011404,59.9823109679492,4.55,4.19,4.15,Sell,NEGATIVE,0.9924224019050598
2022-03-07,159.3000030517578,-0.02371756548762427,170.21900024414063,154.77220189633013,2.11,44185000000.0,75.49763177808427,60.66991852774798,4.66,4.27,4.22,Sell,NEGATIVE,0.996450901031494
2022-03-04,163.1699981689453,-0.01840821534766368,170.49280029296875,154.77220189633013,2.11,44185000000.0,77.33175268670395,62.100583595357556,4.75,4.27,4.14,Sell,NEGATIVE,0.9990724325180054
2022-03-03,166.22999572753906,-0.001981279033932526,170.62440032958983,154.77220189633013,2.11,44185000000.0,78.78198849646401,63.23180766192233,4.76,4.3,4.15,Sell,POSITIVE,0.748120903968811
2022-03-02,166.55999755859375,0.02058823941900667,170.72260040283203,154.77220189633013,2.11,44185000000.0,78.93838746852785,63.35380318843871,4.78,4.36,4.18,Buy,NEGATIVE,0.6773926019668579
2022-03-01,163.1999969482422,-0.011627896231359958,170.83660034179687,154.77220189633013,2.11,44185000000.0,77.34597011765032,62.11167358495995,4.76,4.33,4.27,Sell,POSITIVE,0.9971094727516174
2022-02-28,165.1199951171875,0.0016377858882354879,171.15860046386717,154.77220189633013,2.11,44185000000.0,78.25592185648698,62.821461123963545,4.8,4.39,4.34,Buy,POSITIVE,0.748120903968811
2022-02-25,164.85000610351562,0.012965469700934706,171.34280059814452,154.77220189633013,2.11,44185000000.0,78.1279649779695,62.7216512175419,4.77,4.31,4.28,Buy,POSITIVE,0.748120903968811
2022-02-24,162.74000549316406,0.01668019020913314,171.5606005859375,154.77220189633013,2.11,44185000000.0,77.12796468870336,61.941623317129796,4.75,4.27,4.31,Buy,NEGATIVE,0.9907315373420716
2022-02-23,160.07000732421875,-0.02586416632525068,171.89480041503907,154.77220189633013,2.11,44185000000.0,75.86256271289989,60.95457475628621,4.59,3.95,4.03,Sell,POSITIVE,0.7552405595779419
2022-02-22,164.32000732421875,-0.017812287347162448,172.18460021972658,154.77220189633013,2.11,44185000000.0,77.87678072237856,62.525720546712826,4.63,4.0,4.07,Sell,NEGATIVE,0.9996962547302246
2022-02-18,167.3000030517578,-0.009355766137921773,172.3998001098633,154.77220189633013,2.11,44185000000.0,79.28910097239707,63.627369427374546,4.6,3.93,3.98,Sell,NEGATIVE,0.9988150596618652
2022-02-17,168.8800048828125,-0.021269186346200564,172.47739990234376,154.77220189633013,2.11,44185000000.0,80.03791700607228,64.21146665695758,4.62,3.83,3.85,Sell,POSITIVE,0.9955965876579284
2022-02-16,172.5500030517578,-0.0013889128057177347,172.40619995117189,154.77220189633013,2.11,44185000000.0,81.77725263116484,65.56819658025448,4.68,3.93,3.89,Sell,POSITIVE,0.748120903968811
2022-02-15,172.7899932861328,0.023152465006342826,172.19199981689454,154.77220189633013,2.11,44185000000.0,81.89099207873593,65.65691649707372,4.74,3.99,3.92,Buy,POSITIVE,0.748120903968811
2022-02-14,168.8800048828125,0.0014231824835904128,172.0113998413086,154.77220189633013,2.11,44185000000.0,80.03791700607228,64.21146665695758,4.75,3.97,3.91,Buy,NEGATIVE,0.9962624907493592
2022-02-11,168.63999938964844,-0.020218427993619836,171.92919982910155,154.77220189633013,2.11,44185000000.0,79.9241703268476,64.12274109924842,4.79,3.93,3.83,Sell,POSITIVE,0.748120903968811
2022-02-10,172.1199951171875,-0.02359884099680365,171.86239990234375,154.77220189633013,2.11,44185000000.0,81.57345740151067,65.40923066113679,4.75,3.88,3.74,Sell,NEGATIVE,0.921372652053833
2022-02-09,176.27999877929688,0.008293753549481586,171.6248001098633,154.77220189633013,2.11,44185000000.0,83.54502311815018,66.94710648275618,4.76,3.85,3.74,Buy,POSITIVE,0.748120903968811
2022-02-08,174.8300018310547,0.018466725511581794,171.2354000854492,154.77220189633013,2.11,44185000000.0,82.85782077301171,66.41106963537686,4.76,3.88,3.74,Buy,POSITIVE,0.748120903968811
2022-02-07,171.66000366210938,-0.004234559603942367,170.97760009765625,154.77220189633013,2.11,44185000000.0,81.35545197256369,65.23918039330661,4.78,3.92,3.81,Sell,POSITIVE,0.748120903968811
2022-02-04,172.38999938964844,-0.0029496502304173777,170.77260009765624,154.77220189633013,2.11,44185000000.0,81.70142151168173,65.50904620844837,4.74,3.82,3.8,Sell,POSITIVE,0.995631217956543
2022-02-03,172.89999389648438,-0.016719759455390393,170.5452001953125,154.77220189633013,2.11,44185000000.0,81.94312506942389,65.69758167257918,4.66,3.68,3.64,Sell,NEGATIVE,0.9739588499069214
2022-02-02,175.83999633789062,0.007044245594408194,170.29820037841796,154.77220189633013,2.11,44185000000.0,83.3364911553984,66.78444578073434,4.69,3.67,3.56,Buy,POSITIVE,0.748120903968811
2022-02-01,174.61000061035156,-0.0009726408635577499,169.93880035400392,154.77220189633013,2.11,44185000000.0,82.75355479163582,66.32973928436594,4.77,3.8,3.62,Sell,POSITIVE,0.748120903968811
2022-01-31,174.77999877929688,0.026125737688043937,169.51640045166016,154.77220189633013,2.11,44185000000.0,82.83412264421654,66.3925844390762,4.73,3.73,3.52,Buy,POSITIVE,0.748120903968811
2022-01-28,170.3300018310547,0.06977766942076213,169.04080047607422,154.77220189633013,2.11,44185000000.0,80.72511935121075,64.74750350433692,4.67,3.62,3.42,Buy,POSITIVE,0.9795082807540894
2022-01-27,159.22000122070312,-0.0029432100539642514,168.63420043945314,154.77220189633013,2.11,44185000000.0,75.45971621834272,60.640343341844925,4.71,3.71,3.44,Sell,POSITIVE,0.9834718704223632
2022-01-26,159.69000244140625,-0.0005632515870458432,168.44960052490234,154.77220189633013,2.11,44185000000.0,75.68246561204089,60.814094033469175,4.72,3.75,3.56,Sell,POSITIVE,0.748120903968811
2022-01-25,159.77999877929688,-0.011384707297859231,168.21320037841798,154.77220189633013,2.11,44185000000.0,75.72511790488004,60.847364002276386,4.75,3.8,3.57,Sell,NEGATIVE,0.9481772184371948
2022-01-24,161.6199951171875,-0.00486428500159064,167.97600036621094,154.77220189633013,2.11,44185000000.0,76.59715408397513,61.527576355376915,4.64,3.66,3.53,Sell,POSITIVE,0.748120903968811
2022-01-21,162.41000366210938,-0.01276512622240289,167.75980041503905,154.77220189633013,2.11,44185000000.0,76.97156571663952,61.819627790613396,4.64,3.64,3.52,Sell,POSITIVE,0.748120903968811
2022-01-20,164.50999450683594,-0.010347117036099251,167.520400390625,154.77220189633013,2.11,44185000000.0,77.96682204115447,62.59595526723142,4.65,3.62,3.48,Sell,POSITIVE,0.748120903968811
2022-01-19,166.22999572753906,-0.021024777738847034,167.25580047607423,154.77220189633013,2.11,44185000000.0,78.78198849646401,63.23180766192233,4.61,3.61,3.53,Sell,POSITIVE,0.748120903968811
2022-01-18,169.8000030517578,-0.018894112983626976,166.9504006958008,154.77220189633013,2.11,44185000000.0,80.47393509561982,64.55157283350785,4.64,3.7,3.62,Sell,POSITIVE,0.621612012386322
2022-01-14,173.07000732421875,0.005110661887074208,166.5842007446289,154.77220189633013,2.11,44185000000.0,82.02370015365818,65.76043246817939,4.64,3.79,3.74,Buy,NEGATIVE,0.9988314509391784
2022-01-13,172.19000244140625,-0.019028065636177538,166.12320068359375,154.77220189633013,2.11,44185000000.0,81.60663622815463,65.4351110641357,4.6,3.78,3.74,Sell,NEGATIVE,0.5490627884864807
2022-01-12,175.52999877929688,0.0025702361408266317,165.65860076904298,154.77220189633013,2.11,44185000000.0,83.18957288118335,66.66984546091619,4.64,3.79,3.73,Buy,NEGATIVE,0.991468071937561
2022-01-11,175.0800018310547,0.016783781570778755,165.1440008544922,154.77220189633013,2.11,44185000000.0,82.97630418533399,66.50348997599019,4.66,3.86,3.82,Buy,NEGATIVE,0.7880018949508667
2022-01-10,172.19000244140625,0.00011618907285648739,164.69380096435546,154.77220189633013,2.11,44185000000.0,81.60663622815463,65.4351110641357,4.75,3.94,3.93,Buy,POSITIVE,0.748120903968811
2022-01-07,172.1699981689453,0.0009883614473564784,164.22700103759766,154.77220189633013,2.11,44185000000.0,81.59715553030584,65.42771585743745,4.71,3.97,3.98,Buy,POSITIVE,0.9948016405105592
2022-01-06,172.0,-0.016693335236175,163.77000122070314,154.77220189633013,2.11,44185000000.0,81.51658767772513,65.36487070272717,4.71,3.94,3.92,Sell,NEGATIVE,0.958988070487976
2022-01-05,174.9199981689453,-0.02659988236212174,163.3028012084961,154.77220189633013,2.11,44185000000.0,82.90047306585086,66.44433960418408,4.73,3.99,3.97,Sell,POSITIVE,0.748120903968811
2022-01-04,179.6999969482422,-0.012691597320536152,162.7782012939453,154.77220189633013,2.11,44185000000.0,85.16587533092047,68.21141606543975,4.72,3.94,3.88,Sell,POSITIVE,0.748120903968811
2022-01-03,182.00999450683594,0.025004150472947684,162.17380126953125,154.77220189633013,2.11,44185000000.0,86.26066090371371,69.06537911016454,4.71,3.85,3.81,Buy,NEGATIVE,0.9059644341468812
2021-12-31,177.57000732421875,-0.01009029718655774,161.51880126953125,154.77220189633013,2.11,44185000000.0,84.15640157545913,67.42399859921933,4.78,3.9,3.78,Sell,POSITIVE,0.9973256587982178
2021-12-29,179.3800048828125,0.0005020447322792165,160.9426010131836,154.77220189633013,1.25,26775000000.0,143.50400390625,114.0757778856738,4.71,3.69,3.67,Buy,POSITIVE,0.748120903968811
2021-12-28,179.2899932861328,-0.00576725189575622,160.2860009765625,154.77220189633013,1.25,26775000000.0,143.43199462890624,114.02055468357574,4.69,3.66,3.66,Sell,NEGATIVE,0.9724865555763244
2021-12-27,180.3300018310547,0.022974830268908786,159.59700103759766,154.77220189633013,1.25,26775000000.0,144.26400146484374,114.6586124914414,4.74,3.72,3.74,Buy,POSITIVE,0.748120903968811
2021-12-23,176.27999877929688,0.0036438134358485197,158.86560089111327,154.77220189633013,1.25,26775000000.0,141.0239990234375,112.173886686378,4.73,3.66,3.67,Buy,NEGATIVE,0.9048264622688292
2021-12-22,175.63999938964844,0.01531876878626437,158.15820098876952,154.77220189633013,1.25,26775000000.0,140.51199951171876,111.7812393282497,4.66,3.53,3.56,Buy,POSITIVE,0.9924331903457642
2021-12-21,172.99000549316406,0.01908692484927288,157.4756008911133,154.77220189633013,1.25,26775000000.0,138.39200439453126,110.15543605508984,4.69,3.6,3.61,Buy,POSITIVE,0.9756431579589844
2021-12-20,169.75,-0.00812200183829448,156.87200073242187,154.77220189633013,1.25,26775000000.0,135.8,108.16765353874884,4.67,3.6,3.64,Sell,POSITIVE,0.748120903968811
2021-12-17,171.13999938964844,-0.006501771466984829,156.33500061035156,154.77220189633013,1.25,26775000000.0,136.91199951171876,109.0204349585018,4.63,3.43,3.54,Sell,POSITIVE,0.9815971851348876
2021-12-16,172.25999450683594,-0.039263850669816525,155.77800048828124,154.77220189633013,1.25,26775000000.0,137.80799560546876,109.70756549486349,4.65,3.48,3.57,Sell,POSITIVE,0.9909742474555968
2021-12-15,179.3000030517578,0.02850915601733095,155.17280059814453,154.77220189633013,1.25,26775000000.0,143.44000244140625,114.02669579572633,4.68,3.56,3.66,Buy,NEGATIVE,0.7180644869804382
2021-12-14,174.3300018310547,-0.008023236702153325,154.4090005493164,154.77220189633013,1.25,26775000000.0,139.46400146484376,110.97753999844421,4.7,3.61,3.69,Sell,POSITIVE,0.748120903968811
2021-12-13,175.74000549316406,-0.020674235264256824,153.70520050048827,154.77220189633013,1.25,26775000000.0,140.59200439453124,111.84259428104689,4.7,3.58,3.62,Sell,POSITIVE,0.748120903968811
2021-12-10,179.4499969482422,0.028013287454401015,153.04340026855468,154.77220189633013,1.25,26775000000.0,143.55999755859375,114.11871886347069,4.67,3.54,3.62,Buy,NEGATIVE,0.9048264622688292
2021-12-09,174.55999755859375,-0.0029700951966102895,152.28440032958986,154.77220189633013,1.25,26775000000.0,139.647998046875,111.11864515613603,4.68,3.58,3.62,Sell,NEGATIVE,0.725328266620636
2021-12-08,175.0800018310547,0.02278308985945654,151.63140045166017,154.77220189633013,1.25,26775000000.0,140.06400146484376,111.43767406006886,4.68,3.62,3.64,Buy,NEGATIVE,0.9944669008255004
2021-12-07,171.17999267578125,0.035446316791349686,151.03720031738283,154.77220189633013,1.25,26775000000.0,136.943994140625,109.0449713227498,4.71,3.68,3.66,Buy,POSITIVE,0.9994258880615234
2021-12-06,165.32000732421875,0.021502787105003085,150.5520004272461,154.77220189633013,1.25,26775000000.0,132.256005859375,105.44979950824926,4.68,3.63,3.65,Buy,POSITIVE,0.748120903968811
2021-12-03,161.83999633789062,-0.011724464053185835,150.1822003173828,154.77220189633013,1.25,26775000000.0,129.4719970703125,103.31477072206584,4.66,3.48,3.55,Sell,POSITIVE,0.9995228052139282
2021-12-02,163.75999450683594,-0.006129815739731703,149.8624005126953,154.77220189633013,1.25,26775000000.0,131.00799560546875,104.49271279645079,4.64,3.49,3.55,Sell,NEGATIVE,0.9048264622688292
2021-12-01,164.77000427246094,-0.003206284147078464,149.45580047607422,154.77220189633013,1.25,26775000000.0,131.81600341796874,105.11236599076757,4.79,3.67,3.63,Sell,NEGATIVE,0.9599407315254213
2021-11-30,165.3000030517578,0.031577617231232535,149.01920043945313,154.77220189633013,1.25,26775000000.0,132.24000244140626,105.43752664539953,4.85,3.81,3.67,Buy,POSITIVE,0.748120903968811
2021-11-29,160.24000549316406,0.02187365594013646,148.63440032958985,154.77220189633013,1.25,26775000000.0,128.19200439453124,102.33315700747079,4.88,3.85,3.72,Buy,POSITIVE,0.9828569293022156
2021-11-26,156.80999755859375,-0.031678429081589354,148.40540008544923,154.77220189633013,1.25,26775000000.0,125.447998046875,100.22880569768597,4.87,3.82,3.7,Sell,POSITIVE,0.9993013143539428
2021-11-24,161.94000244140625,0.003283555958565998,148.2498001098633,154.77220189633013,1.25,26775000000.0,129.552001953125,103.37612567486305,4.88,3.87,3.75,Buy,POSITIVE,0.9993485808372498
2021-11-23,161.41000366210938,0.0024220555167078217,147.9733999633789,154.77220189633013,1.25,26775000000.0,129.1280029296875,103.05096502023108,4.89,3.93,3.83,Buy,NEGATIVE,0.9997077584266664
2021-11-22,161.02000427246094,0.002927444483147079,147.73619995117187,154.77220189633013,1.25,26775000000.0,128.81600341796874,102.81169568264433,4.91,3.93,3.79,Buy,POSITIVE,0.748120903968811
2021-11-19,160.5500030517578,0.016976043690765552,147.49519989013672,154.77220189633013,1.25,26775000000.0,128.44000244140625,102.52334425511008,4.99,4.0,3.81,Buy,NEGATIVE,0.930338442325592
2021-11-18,157.8699951171875,0.02853599235957094,147.36559997558595,154.77220189633013,1.25,26775000000.0,126.29599609375,100.87912700694991,4.96,4.04,3.85,Buy,NEGATIVE,0.8892615437507629
2021-11-17,153.49000549316406,0.016490102603735624,147.31040008544923,154.77220189633013,1.25,26775000000.0,122.79200439453125,98.19195045284894,4.99,4.06,3.92,Buy,NEGATIVE,0.9976049661636353
2021-11-16,151.0,0.006666666666666599,147.37440002441406,154.77220189633013,1.25,26775000000.0,120.8,96.66430199813259,5.0,4.03,3.88,Buy,NEGATIVE,0.6443285942077637
2021-11-15,150.0,6.663448543164918e-05,147.44040008544923,154.77220189633013,1.25,26775000000.0,120.0,96.05078991596639,5.07,4.16,3.98,Buy,POSITIVE,0.748120903968811
2021-11-12,149.99000549316406,0.014336988205730705,147.5133999633789,154.77220189633013,1.25,26775000000.0,119.99200439453125,96.04465816526724,5.07,4.13,3.94,Buy,POSITIVE,0.748120903968811
2021-11-11,147.8699951171875,-0.0003380411869712274,147.56379974365234,154.77220189633013,1.25,26775000000.0,118.29599609375,94.74400618528792,5.03,4.09,3.88,Sell,POSITIVE,0.748120903968811
2021-11-10,147.9199981689453,-0.01916318172822462,147.6429998779297,154.77220189633013,1.25,26775000000.0,118.33599853515625,94.77468366168651,5.05,4.19,3.93,Sell,POSITIVE,0.9989778995513916
2021-11-09,150.80999755859375,0.0024594197765426262,147.74699981689454,154.77220189633013,1.25,26775000000.0,120.647998046875,96.54773320468878,5.03,4.17,3.93,Buy,POSITIVE,0.748120903968811
2021-11-08,150.44000244140625,-0.005552593499925207,147.70279998779296,154.77220189633013,1.25,26775000000.0,120.352001953125,96.32073672995175,5.02,4.18,3.93,Sell,POSITIVE,0.985895574092865
2021-11-05,151.27999877929688,0.0021197141706292832,147.6447998046875,154.77220189633013,1.25,26775000000.0,121.0239990234375,96.836084632223,5.06,4.27,3.97,Buy,POSITIVE,0.997605800628662
2021-11-04,150.9600067138672,-0.003498572579567205,147.5863998413086,154.77220189633013,1.25,26775000000.0,120.76800537109375,96.63976563388458,5.04,4.32,4.03,Sell,NEGATIVE,0.9048264622688292
2021-11-03,151.49000549316406,0.009798701365408391,147.559599609375,154.77220189633013,1.25,26775000000.0,121.19200439453125,96.96492628851654,5.03,4.26,3.9,Buy,POSITIVE,0.748120903968811
2021-11-02,150.02000427246094,0.007115987586049588,147.52399963378906,154.77220189633013,1.25,26775000000.0,120.01600341796875,96.06306277881613,5.05,4.27,3.92,Buy,NEGATIVE,0.9048264622688292
2021-11-01,148.9600067138672,-0.005607452074619768,147.48739959716798,154.77220189633013,1.25,26775000000.0,119.16800537109376,95.41274146955219,5.22,4.31,3.88,Sell,NEGATIVE,0.9913651943206788
2021-10-29,149.8000030517578,-0.0181556278395828,147.44219940185548,154.77220189633013,1.25,26775000000.0,119.84000244140626,95.92808937182343,5.25,4.34,3.88,Sell,NEGATIVE,0.8856436014175415
2021-10-28,152.57000732421875,0.02499160946030532,147.37339935302734,154.77220189633013,1.25,26775000000.0,122.056005859375,97.62752046063022,5.18,4.22,3.88,Buy,NEGATIVE,0.9891427159309388
2021-10-27,148.85000610351562,-0.0031476104851951847,147.3257992553711,154.77220189633013,1.25,26775000000.0,119.0800048828125,95.34525476605583,4.9,3.96,3.7,Sell,POSITIVE,0.9354070425033568
2021-10-26,149.32000732421875,0.004574865025313457,147.37119903564454,154.77220189633013,1.25,26775000000.0,119.456005859375,95.63360619359007,4.3,3.68,3.7,Buy,POSITIVE,0.748120903968811
2021-10-25,148.63999938964844,-0.0003362906109138919,147.36679901123046,154.77220189633013,1.25,26775000000.0,118.91199951171875,95.2164131097623,4.45,3.78,3.77,Sell,NEGATIVE,0.9976423382759094
2021-10-22,148.69000244140625,-0.005284943194491021,147.37179901123048,154.77220189633013,1.25,26775000000.0,118.952001953125,95.2470905861609,4.19,3.59,3.7,Sell,POSITIVE,0.748120903968811
2021-10-21,149.47999572753906,0.0014739463272126496,147.3151989746094,154.77220189633013,1.25,26775000000.0,119.58399658203125,95.73176101203354,4.49,3.72,3.71,Buy,POSITIVE,0.748120903968811
2021-10-20,149.25999450683594,0.003361118704377386,147.23759918212892,154.77220189633013,1.25,26775000000.0,119.40799560546876,95.59678760504089,4.26,3.44,3.6,Buy,POSITIVE,0.748120903968811
2021-10-19,148.75999450683594,0.01508011879261173,147.17419921875,154.77220189633013,1.25,26775000000.0,119.00799560546875,95.29003156395778,4.34,3.56,3.65,Buy,POSITIVE,0.748120903968811
2021-10-18,146.5500030517578,0.01180617755525204,147.12179931640625,154.77220189633013,1.25,26775000000.0,117.24000244140625,93.93417510478328,4.68,3.73,3.73,Buy,NEGATIVE,0.757645308971405
2021-10-15,144.83999633789062,0.007512533892058082,147.13199920654296,154.77220189633013,1.25,26775000000.0,115.8719970703125,92.88506532524045,4.56,3.54,3.68,Buy,NEGATIVE,0.9840452671051024
2021-10-14,143.75999450683594,0.02022561046524851,147.17419921875,154.77220189633013,1.25,26775000000.0,115.00799560546875,92.22247115312679,4.38,3.39,3.66,Buy,NEGATIVE,0.958988070487976
2021-10-13,140.91000366210938,-0.004239918507647045,147.2461993408203,154.77220189633013,1.25,26775000000.0,112.7280029296875,90.47396733582397,4.32,3.41,3.64,Sell,NEGATIVE,0.9731934070587158
2021-10-12,141.50999450683594,-0.009103025516294383,147.33839935302734,154.77220189633013,1.25,26775000000.0,113.20799560546875,90.84206896825283,4.51,3.59,3.77,Sell,POSITIVE,0.9535861611366272
2021-10-11,142.80999755859375,-0.0006297854565047167,147.42539947509766,154.77220189633013,1.25,26775000000.0,114.247998046875,91.63963654735917,4.55,3.63,3.77,Sell,NEGATIVE,0.958988070487976
2021-10-08,142.89999389648438,-0.00272174895611621,147.48199951171875,154.77220189633013,1.25,26775000000.0,114.3199951171875,91.69485038800579,4.59,3.67,3.78,Sell,NEGATIVE,0.5238220691680908
2021-10-07,143.2899932861328,0.009084459761498742,147.52359954833983,154.77220189633013,1.25,26775000000.0,114.63199462890626,91.93411972559254,4.63,3.66,3.74,Buy,NEGATIVE,0.757645308971405
2021-10-06,142.0,0.00630713192402288,147.5931997680664,154.77220189633013,1.25,26775000000.0,113.6,91.14269325863678,4.64,3.6,3.67,Buy,POSITIVE,0.9981656670570374
2021-10-05,141.11000061035156,0.014158410445197056,147.7329998779297,154.77220189633013,1.25,26775000000.0,112.88800048828125,90.59666787996692,4.6,3.52,3.64,Buy,NEGATIVE,0.9990278482437134
2021-10-04,139.13999938964844,-0.02460564077824645,147.88199981689453,154.77220189633013,1.25,26775000000.0,111.31199951171875,89.3880483291834,4.5,3.39,3.6,Sell,POSITIVE,0.748120903968811
2021-10-01,142.64999389648438,0.00812716534617941,148.0351998901367,154.77220189633013,1.25,26775000000.0,114.1199951171875,91.54147236746424,4.43,3.36,3.56,Buy,NEGATIVE,0.9936402440071106
2021-09-30,141.5,-0.0028891808296024335,148.09019989013672,154.77220189633013,1.25,26775000000.0,113.2,90.83593721755369,4.51,3.37,3.54,Sell,POSITIVE,0.9980260133743286
2021-09-28,141.91000366210938,-0.0238012765446467,148.1831997680664,154.77220189633013,1.31,26958000000.0,108.3282470703125,90.97060983208445,4.61,3.49,3.61,Sell,POSITIVE,0.9458942413330078
2021-09-27,145.3699951171875,-0.010549980064493591,148.19399963378908,154.77220189633013,1.31,26958000000.0,110.96946192151717,93.09565166909847,4.65,3.52,3.62,Sell,POSITIVE,0.999755322933197
2021-09-24,146.9199981689453,0.0006129288072487249,148.2143997192383,154.77220189633013,1.31,26958000000.0,112.15267035797352,94.04762550349929,4.67,3.54,3.62,Buy,POSITIVE,0.748120903968811
2021-09-23,146.8300018310547,0.0067192025130498045,148.24559967041014,154.77220189633013,1.31,26958000000.0,112.08397086340052,93.99235196144618,4.64,3.46,3.64,Buy,POSITIVE,0.9921650886535645
2021-09-22,145.85000610351562,0.016872436389261614,148.29199951171876,154.77220189633013,1.31,26958000000.0,111.33588252176764,93.39046263652921,4.66,3.51,3.69,Buy,NEGATIVE,0.9977847933769226
2021-09-21,143.42999267578125,0.003427943374884501,148.28779937744142,154.77220189633013,1.31,26958000000.0,109.48854402731392,91.9041497808938,4.77,3.6,3.74,Buy,POSITIVE,0.991926908493042
2021-09-20,142.94000244140625,-0.02136105141269684,148.30919952392577,154.77220189633013,1.31,26958000000.0,109.11450568046278,91.60320980422219,4.8,3.69,3.81,Sell,POSITIVE,0.748120903968811
2021-09-17,146.05999755859375,-0.018347979371765355,148.3525994873047,154.77220189633013,1.31,26958000000.0,111.49618134243798,93.5194342346531,4.81,3.69,3.79,Sell,POSITIVE,0.9997947812080384
2021-09-16,148.7899932861328,-0.0016104508832446296,148.2961996459961,154.77220189633013,1.31,26958000000.0,113.58014754666627,95.19613061128017,4.84,3.71,3.79,Sell,NEGATIVE,0.9762913584709167
2021-09-15,149.02999877929688,0.006143692223250508,148.2117999267578,154.77220189633013,1.31,26958000000.0,113.76335784679151,95.34353609499551,4.77,3.63,3.75,Buy,NEGATIVE,0.9902064204216005
2021-09-14,148.1199951171875,-0.009562072252685905,155.01808513400792,154.77220189633013,1.31,26958000000.0,113.06869856273855,94.78463417892858,4.78,3.66,3.78,Sell,POSITIVE,0.99779212474823
2021-09-13,149.5500030517578,0.003893413615506436,155.01808513400792,154.77220189633013,1.31,26958000000.0,114.16030767309756,95.6629099572586,4.76,3.6,3.73,Buy,NEGATIVE,0.7682458162307739
2021-09-10,148.97000122070312,-0.03310187486902216,155.01808513400792,154.77220189633013,1.31,26958000000.0,113.71755818374284,95.30668706696012,4.6,3.43,3.65,Sell,POSITIVE,0.9972712397575378
2021-09-09,154.07000732421875,-0.006704875778740793,155.01808513400792,154.77220189633013,1.31,26958000000.0,117.61069261390743,98.43898565200182,4.64,3.46,3.7,Sell,POSITIVE,0.9985514283180236
2021-09-08,155.11000061035156,-0.010083616098260806,155.01808513400792,154.77220189633013,1.31,26958000000.0,118.40458061858898,99.0777240049542,4.78,3.6,3.76,Sell,POSITIVE,0.9988815188407898
2021-09-07,156.69000244140625,0.01548930228372547,155.01808513400792,154.77220189633013,1.31,26958000000.0,119.61068888656965,100.04812235337272,4.8,3.51,3.67,Buy,POSITIVE,0.9989203214645386
2021-09-03,154.3000030517578,0.0042304535053308,155.01808513400792,154.77220189633013,1.31,26958000000.0,117.78626187157084,98.58024338332878,4.86,3.64,3.84,Buy,POSITIVE,0.999491572380066
2021-09-02,153.64999389648438,0.007474915944589711,155.01808513400792,154.77220189633013,1.31,26958000000.0,117.29007167670562,98.18102371260649,4.74,3.46,3.72,Buy,POSITIVE,0.748120903968811
2021-09-01,152.50999450683594,0.004478644981759983,155.01808513400792,154.77220189633013,1.31,26958000000.0,116.41984313498926,97.48086406521259,4.7,3.37,3.7,Buy,POSITIVE,0.748120903968811
2021-08-31,151.8300018310547,-0.008424721311841354,155.01808513400792,154.77220189633013,1.31,26958000000.0,115.9007647565303,97.06322925204637,4.59,3.29,3.73,Sell,NEGATIVE,0.8698223233222961
2021-08-30,153.1199951171875,0.03041715227469921,155.01808513400792,154.77220189633013,1.31,26958000000.0,116.88549245586832,97.85551146952878,4.73,3.41,3.76,Buy,POSITIVE,0.993405818939209
2021-08-27,148.60000610351562,0.007184579541948732,155.01808513400792,154.77220189633013,1.31,26958000000.0,113.43511916298903,95.0794451463593,4.79,3.49,3.84,Buy,POSITIVE,0.998588502407074
2021-08-26,147.5399932861328,-0.005527145597501004,155.01808513400792,154.77220189633013,1.31,26958000000.0,112.62594907338382,94.42841128863012,4.81,3.51,3.85,Sell,NEGATIVE,0.9949540495872498
2021-08-25,148.36000061035156,-0.008421297606974743,155.01808513400792,154.77220189633013,1.31,26958000000.0,113.25190886286379,94.93203966264396,4.7,3.37,3.8,Sell,POSITIVE,0.748120903968811
2021-08-24,149.6199951171875,-0.0006012396810035625,155.01808513400792,154.77220189633013,1.31,26958000000.0,114.21373673067748,95.70589736610864,4.7,3.36,3.73,Sell,POSITIVE,0.748120903968811
2021-08-23,149.7100067138672,0.010257131030562805,155.01808513400792,154.77220189633013,1.31,26958000000.0,114.28244787318106,95.7611802797355,4.75,3.45,3.78,Buy,NEGATIVE,0.9994912147521972
2021-08-20,148.19000244140625,0.010156820205591055,155.01808513400792,154.77220189633013,1.31,26958000000.0,113.12213926824904,94.82763095935239,4.73,3.46,3.84,Buy,NEGATIVE,0.9919512271881104
2021-08-19,146.6999969482422,0.002323014050784167,155.01808513400792,154.77220189633013,1.31,26958000000.0,111.98473049484136,93.91250615298696,4.88,3.52,3.87,Buy,NEGATIVE,0.9981281161308287
2021-08-18,146.36000061035156,-0.025501043803157875,155.01808513400792,154.77220189633013,1.31,26958000000.0,111.72519130561187,93.70368874640387,4.92,3.58,3.88,Sell,NEGATIVE,0.999206006526947
2021-08-17,150.19000244140625,-0.006154001494375949,155.01808513400792,154.77220189633013,1.31,26958000000.0,114.64885682550094,96.05598187559247,5.02,3.69,3.91,Sell,POSITIVE,0.974241018295288
2021-08-16,151.1199951171875,0.013547880154139325,155.01808513400792,154.77220189633013,1.31,26958000000.0,115.3587748986164,96.62716055328869,5.02,3.76,3.95,Buy,POSITIVE,0.9230799078941344
2021-08-13,149.10000610351562,0.0014104823341263284,155.01808513400792,154.77220189633013,1.31,26958000000.0,113.816798552302,95.38653287541932,5.07,3.77,3.97,Buy,POSITIVE,0.9956142902374268
2021-08-12,148.88999938964844,0.020773335846824503,155.01808513400792,154.77220189633013,1.31,26958000000.0,113.65648808370109,95.25755190572166,5.06,3.76,3.96,Buy,NEGATIVE,0.9989142417907716
2021-08-11,145.86000061035156,0.00178567648308392,155.01808513400792,154.77220189633013,1.31,26958000000.0,111.3435119162989,93.39660101734385,5.12,3.75,3.97,Buy,NEGATIVE,0.9705700874328612
2021-08-10,145.60000610351562,-0.00335403002709167,155.01808513400792,154.77220189633013,1.31,26958000000.0,111.14504282711115,93.23691877199919,5.24,3.9,4.01,Sell,NEGATIVE,0.9848784804344176
2021-08-09,146.08999633789062,-0.0003421585600564825,155.01808513400792,154.77220189633013,1.31,26958000000.0,111.5190811739623,93.5378587486708,5.25,3.92,3.96,Sell,POSITIVE,0.9954107403755188
2021-08-06,146.13999938964844,-0.006255937605185613,155.01808513400792,154.77220189633013,1.31,26958000000.0,111.55725144247972,93.56856939589154,5.22,3.81,3.9,Sell,POSITIVE,0.9744835495948792
2021-08-05,147.05999755859375,0.0007485580989179397,155.01808513400792,154.77220189633013,1.31,26958000000.0,112.25954012106392,94.13360969277313,5.18,3.74,3.85,Buy,NEGATIVE,0.9967303276062012
2021-08-04,146.9499969482422,-0.00278232668574363,155.01808513400792,154.77220189633013,1.31,26958000000.0,112.17557018949785,94.06605001751697,5.11,3.7,3.84,Sell,NEGATIVE,0.9988271594047546
2021-08-03,147.36000061035156,0.012644284523559701,155.01808513400792,154.77220189633013,1.31,26958000000.0,112.48855008423783,94.31786420452391,5.22,3.84,3.88,Buy,NEGATIVE,0.9485960006713868
2021-08-02,145.52000427246094,-0.002330977214232255,155.01808513400792,154.77220189633013,1.31,26958000000.0,111.08397272706941,93.18778361076073,5.17,3.82,3.89,Sell,POSITIVE,0.9996015429496764
2021-07-30,145.86000061035156,0.001510582406104799,155.01808513400792,154.77220189633013,1.31,26958000000.0,111.3435119162989,93.39660101734385,5.2,3.85,3.87,Buy,NEGATIVE,0.9995049238204956
2021-07-29,145.63999938964844,0.0045523774421245555,155.01808513400792,154.77220189633013,1.31,26958000000.0,111.17557205316675,93.26148166683153,5.16,3.93,3.95,Buy,NEGATIVE,0.9613928198814392
2021-07-28,144.97999572753906,-0.012196010716187922,155.01808513400792,154.77220189633013,1.31,26958000000.0,110.67175246377028,92.85612361529462,5.12,3.87,3.89,Sell,POSITIVE,0.9997512698173524
2021-07-27,146.77000427246094,-0.014900336524955593,155.01808513400792,154.77220189633013,1.31,26958000000.0,112.03817120035185,93.95550293341077,5.17,3.92,3.89,Sell,NEGATIVE,0.995756208896637
2021-07-26,148.99000549316406,0.002894506876931713,155.01808513400792,154.77220189633013,1.31,26958000000.0,113.73282862073592,95.31897320016319,5.18,3.89,3.87,Buy,NEGATIVE,0.958988070487976
2021-07-23,148.55999755859375,0.011989063148829748,155.01808513400792,154.77220189633013,1.31,26958000000.0,113.40457828900286,95.0548728799532,5.26,4.01,3.94,Buy,NEGATIVE,0.9166027307510376
2021-07-22,146.8000030517578,0.009628674099327439,155.01808513400792,154.77220189633013,1.31,26958000000.0,112.06107103187618,93.9739274474285,5.27,4.06,3.9,Buy,POSITIVE,0.9839200377464294
2021-07-21,145.39999389648438,-0.005131714206784155,155.01808513400792,154.77220189633013,1.31,26958000000.0,110.99236175304151,93.11407618311617,5.21,3.91,3.85,Sell,NEGATIVE,0.9381016492843628
2021-07-20,146.14999389648438,0.025974005107115117,155.01808513400792,154.77220189633013,1.31,26958000000.0,111.56488083701097,93.5747077767062,5.24,3.99,3.86,Buy,NEGATIVE,0.8524300456047058
2021-07-19,142.4499969482422,-0.026914423511397723,155.01808513400792,154.77220189633013,1.31,26958000000.0,108.74045568568106,91.3022604559768,5.24,3.96,3.83,Sell,POSITIVE,0.9744835495948792
2021-07-16,146.38999938964844,-0.014075945568625792,155.01808513400792,154.77220189633013,1.31,26958000000.0,111.74809113713621,93.72211326042155,5.25,3.95,3.81,Sell,POSITIVE,0.9912661910057068
2021-07-15,148.47999572753906,-0.004492109932034749,155.01808513400792,154.77220189633013,1.31,26958000000.0,113.34350818896111,95.00573771871476,5.29,4.03,3.88,Sell,NEGATIVE,0.983500361442566
2021-07-14,149.14999389648438,0.024100484218248397,155.01808513400792,154.77220189633013,1.31,26958000000.0,113.85495717288883,95.41723415106632,5.25,3.99,3.82,Buy,POSITIVE,0.9870426654815674
2021-07-13,145.63999938964844,0.007889269132515198,155.01808513400792,154.77220189633013,1.31,26958000000.0,111.17557205316675,93.26148166683153,5.27,3.96,3.83,Buy,POSITIVE,0.985895574092865
2021-07-12,144.5,-0.004203711720665804,155.01808513400792,154.77220189633013,1.31,26958000000.0,110.30534351145037,92.56132201943764,5.33,4.02,3.84,Sell,NEGATIVE,0.8924291133880615
2021-07-09,145.11000061035156,0.013054977977341231,155.01808513400792,154.77220189633013,1.31,26958000000.0,110.77099283232943,92.93596942375383,5.32,3.97,3.81,Buy,NEGATIVE,0.9987468719482422
2021-07-08,143.24000549316406,-0.009199707848613237,155.01808513400792,154.77220189633013,1.31,26958000000.0,109.34351564363668,91.78746431597295,5.41,4.14,3.92,Sell,POSITIVE,0.9470930695533752
2021-07-07,144.57000732421875,0.01795523852305836,155.01808513400792,154.77220189633013,1.31,26958000000.0,110.35878421696087,92.60431879986145,5.4,4.13,3.85,Buy,POSITIVE,0.5938361287117004
