,EBIDTA,EV/EBITDA,EPS,P/E,1 YR,5 YR,30 YR,50 MA,200 MA,News,News Score,Percent Change,Tomorrow,Signal
0,31260000000,100.2508023,1.53,126.7777786,0.08,0.85,2.04,176.6054001,154.7732995,1,0.748120904,0.023102511,0.001796546,0
1,31260000000,98.04771228,1.53,123.9150303,0.08,0.8,1.98,176.0786002,154.5757495,1,0.748120904,0.001796546,0.006327781,1
2,31260000000,97.87669819,1.53,123.6928105,0.07,0.78,1.92,175.6162003,154.4075996,1,0.999121726,0.006327781,0.015059066,1
3,31260000000,97.2781412,1.53,122.9150311,0.08,0.79,1.93,175.1358002,154.2339996,1,0.977651298,0.015059066,-0.00755297,0
4,31260000000,95.87480796,1.53,121.0915061,0.07,0.7,1.81,174.6788004,154.0727496,1,0.691946566,-0.00755297,-0.001711269,1
5,31260000000,96.58401526,1.53,122.0130671,0.08,0.69,1.88,174.2846002,153.9361996,1,0.994243801,-0.001711269,0.016525294,1
6,31260000000,96.74497511,1.53,122.2222222,0.07,0.74,1.94,173.7530005,153.7888997,-1,0.99775511,0.016525294,-0.005675303,0
7,31260000000,95.21589486,1.53,120.2352985,0.07,0.71,1.9,173.2290005,153.6484497,1,0.748120904,-0.005675303,0.000486677,1
8,31260000000,95.74402616,1.53,120.921565,0.07,0.72,1.92,172.7904004,153.5355497,1,0.748120904,0.000486677,-0.00585988,0
9,31260000000,95.69875908,1.53,120.8627439,0.08,0.73,1.93,172.3834006,153.4285997,-1,0.987320304,-0.00585988,0.011198682,1
10,31260000000,96.24701419,1.53,121.5751598,0.07,0.71,1.89,171.9602005,153.3541497,-1,0.919863939,0.011198682,0.00349135,0
11,31260000000,95.21086007,1.53,120.2287562,0.07,0.72,1.9,171.5526007,153.2617497,1,0.748120904,0.00349135,-0.002611653,0
12,31260000000,94.88894803,1.53,119.8104559,0.08,0.73,1.91,171.1970007,153.1781497,1,0.748120904,-0.002611653,0.01563874,1
13,31260000000,95.13038014,1.53,120.1241786,0.07,0.69,1.89,170.8288007,153.0994497,1,0.748120904,0.01563874,0.002159824,0
14,31260000000,93.70693075,1.53,118.2745142,0.07,0.66,1.86,170.3684009,153.0380998,1,0.999625325,0.002159824,0.015465076,1
15,31260000000,93.51076573,1.53,118.0196126,0.07,0.65,1.85,169.9022006,153.0040497,-1,0.994105458,0.015465076,-0.00775626,0
16,31260000000,92.12754863,1.53,116.222227,0.07,0.67,1.83,169.4564005,152.9739497,1,0.995629072,-0.00775626,-0.002060336,1
17,31260000000,92.82670169,1.53,117.1307233,0.08,0.72,1.86,169.1050003,152.9499997,1,0.748120904,-0.002060336,-0.007571125,0
18,31260000000,93.01280481,1.53,117.3725502,0.09,0.77,1.94,168.6994,152.9198996,1,0.9959234,-0.007571125,0.004775394,1
19,31260000000,93.70189596,1.53,118.2679719,0.08,0.79,1.96,168.2644,152.8824997,1,0.748120904,0.004775394,0.016022546,1
20,31260000000,93.26932594,1.53,117.70588,0.08,0.82,1.99,167.8310001,152.8201997,1,0.748120904,0.016022546,-0.000282025,0
21,31260000000,91.84084176,1.53,115.8496732,0.08,0.81,1.99,167.3772,152.7659497,1,0.748120904,-0.000282025,0.010659582,1
22,31260000000,91.8659927,1.53,115.8823549,0.09,0.83,2.03,166.9322,152.7042997,1,0.748120904,0.010659582,0.014104787,1
23,31260000000,90.92539985,1.53,114.6601259,0.08,0.79,1.94,166.5032001,152.6421497,1,0.983438551,0.014104787,0.006692325,0
24,31260000000,89.69811549,1.53,113.0653631,0.08,0.75,1.92,166.0544003,152.5917498,1,0.748120904,0.006692325,0.001632075,0
25,31260000000,89.11967465,1.53,112.3137231,0.07,0.77,1.92,165.6464001,152.5558497,1,0.987733006,0.001632075,-0.015154991,0
26,31260000000,88.97883861,1.53,112.1307174,0.07,0.79,1.91,165.2190002,152.5272998,-1,0.978804469,-0.015154991,-0.005480742,1
27,31260000000,90.30672672,1.53,113.8562072,0.06,0.78,1.88,164.7578003,152.4695498,1,0.748120904,-0.005480742,0.000628395,1
28,31260000000,90.78959861,1.53,114.4836625,0.06,0.8,1.87,164.2856003,152.4060997,1,0.988925159,0.000628395,0.01366611,1
29,31260000000,90.73426962,1.53,114.4117667,0.07,0.78,1.87,163.8398001,152.3428497,-1,0.965753794,0.01366611,0.003603156,0
30,31260000000,89.54721755,1.53,112.8692826,0.06,0.8,1.91,163.3708002,152.2543497,1,0.987060428,0.003603156,0.0,0
31,31260000000,89.23536742,1.53,112.4640571,0.07,0.84,1.96,162.9936002,152.1748497,1,0.748120904,0.0,-0.002897375,0
32,31260000000,89.23536742,1.53,112.4640571,0.07,0.84,1.94,162.5728,152.0724997,1,0.941137612,-0.002897375,-0.006791325,0
33,31260000000,89.48686144,1.53,112.7908545,0.07,0.79,1.91,162.0495999,151.9768996,1,0.998682082,-0.006791325,0.001094736,1
34,31260000000,90.08038364,1.53,113.5620915,0.08,0.77,1.9,161.5043997,151.8844995,-1,0.999659061,0.001094736,0.010420872,1
35,31260000000,89.98481468,1.53,113.4379069,0.07,0.77,1.92,160.9775998,151.7924996,1,0.748120904,0.010420872,-0.009971157,0
36,31260000000,89.08446948,1.53,112.2679766,0.07,0.78,1.92,160.4647998,151.6898996,-1,0.955522895,-0.009971157,-0.000403338,1
37,31260000000,89.95463663,1.53,113.3986928,0.07,0.78,1.9,159.9635999,151.5860495,-1,0.999072194,-0.000403338,0.046926922,1
38,31260000000,89.98984947,1.53,113.4444492,0.08,0.78,1.94,159.4815997,151.4538996,-1,0.993470311,0.046926922,-0.009913429,0
39,31260000000,86.0765955,1.53,108.3594727,0.08,0.82,1.99,158.9883997,151.3368995,1,0.996917963,-0.009913429,-0.006467286,1
40,31260000000,86.91155748,1.53,109.4444424,0.08,0.81,1.95,158.6421997,151.2502996,1,0.748120904,-0.006467286,-0.006191421,1
41,31260000000,87.45981259,1.53,110.1568584,0.07,0.79,1.9,158.3441998,151.1404996,1,0.748120904,-0.006191421,-0.000530389,1
42,31260000000,87.98795157,1.53,110.8431349,0.08,0.82,1.94,158.0476001,151.0270996,1,0.748120904,-0.000530389,0.007541054,1
43,31260000000,88.03321865,1.53,110.901956,0.07,0.81,1.91,157.7624002,150.9034996,-1,0.983694911,0.007541054,0.028395269,1
44,31260000000,87.39442937,1.53,110.0718978,0.07,0.79,1.85,157.4328003,150.7902996,1,0.748120904,0.028395269,-6.11e-05,0
45,31260000000,85.0555304,1.53,107.0326761,0.07,0.81,1.87,157.1416003,150.6799997,1,0.998199046,-6.11e-05,-0.009435659,0
46,31260000000,85.06056519,1.53,107.0392185,0.07,0.84,1.88,156.8866003,150.5757997,1,0.748120904,-0.009435659,0.001878545,1
47,31260000000,85.8452253,1.53,108.0588247,0.07,0.88,1.91,156.6286002,150.4647496,1,0.99770087,0.001878545,-0.009780916,0
48,31260000000,85.68930023,1.53,107.8562119,0.07,0.83,1.85,156.3604001,150.3327496,1,0.973195672,-0.009780916,-0.005846274,1
49,31260000000,86.50916551,1.53,108.9215646,0.07,0.84,1.86,156.1529999,150.1912496,-1,0.788698018,-0.005846274,0.006968244,1
50,31260000000,87.00209931,1.53,109.5620947,0.08,0.86,1.84,155.8545999,150.0451996,1,0.988290191,0.006968244,0.007504724,1
51,31260000000,86.41863135,1.53,108.8039224,0.08,0.94,1.92,155.5919998,149.9153496,1,0.748120904,0.007504724,0.000120992,0
52,31260000000,85.79492342,1.53,107.9934613,0.08,0.97,1.99,155.2789999,149.7912996,1,0.994243801,0.000120992,-0.002113982,0
53,31260000000,85.78486919,1.53,107.9803965,0.09,0.98,1.99,154.8829999,149.6564997,-1,0.868626535,-0.002113982,0.034103631,1
54,31260000000,85.9609104,1.53,108.2091487,0.09,1.02,2.07,154.4645996,149.5071997,1,0.748120904,0.034103631,-0.004353215,0
55,31260000000,83.21460002,1.53,104.6405269,0.09,1.01,2.09,154.0133997,149.3587497,-1,0.96680516,-0.004353215,-0.007591161,0
56,31260000000,83.56669011,1.53,105.0980412,0.09,0.98,2.08,153.7299994,149.2160496,1,0.996562064,-0.007591161,-0.015972336,0
57,31260000000,84.18536324,1.53,105.90196,0.09,0.93,2.04,153.3931995,149.0623496,1,0.999709785,-0.015972336,0.005495904,1
58,31260000000,85.50822423,1.53,107.6209174,0.09,0.95,2.05,152.9897995,148.9293496,1,0.748120904,0.005495904,-0.011290288,0
59,31260000000,85.0555304,1.53,107.0326761,0.09,0.98,2.1,152.5471994,148.7698495,1,0.996917963,-0.011290288,-0.003249644,1
60,31260000000,85.99612324,1.53,108.2549052,0.1,0.99,2.08,152.0941995,148.6104496,1,0.748120904,-0.003249644,0.007701664,1
61,31260000000,86.2677334,1.53,108.6078419,0.1,1.02,2.13,151.5389993,148.4679496,1,0.748120904,0.007701664,0.025688807,1
62,31260000000,85.62893645,1.53,107.7777738,0.09,1.05,2.16,150.9209995,148.3502996,1,0.748120904,0.025688807,0.019790742,0
63,38932000000,67.4991226,1.89,85.06349432,0.1,1.08,2.1,150.3271997,148.2655996,1,0.748120904,0.019790742,-0.003980319,0
64,38932000000,66.22951215,1.89,83.41269518,0.11,1.09,2.05,149.8305997,148.2052996,-1,0.990158021,-0.003980319,-0.012293299,0
65,38932000000,66.48587693,1.89,83.7460311,0.1,1.05,2.02,149.3727997,148.1477497,1,0.99648869,-0.012293299,0.00830559,1
66,38932000000,67.28751982,1.89,84.78835979,0.12,1.13,2.05,148.8753998,148.0832497,1,0.996195078,0.00830559,0.006969466,0
67,38932000000,66.75037574,1.89,84.08994321,0.11,1.16,2.01,148.3401999,148.0380497,1,0.998555362,0.006969466,-0.009103447,0
68,38932000000,66.30276189,1.89,83.50793748,0.11,1.17,2.09,147.7762,147.9869498,-1,0.999567807,-0.009103447,0.011944123,1
69,38932000000,66.892802,1.89,84.27513163,0.1,1.16,2.12,147.2225998,147.9419998,1,0.748120904,0.011944123,0.015483832,1
70,38932000000,66.12778088,1.89,83.28042005,0.12,1.23,2.13,146.6293997,147.8937998,1,0.748120904,0.015483832,-0.005454001,0
71,38932000000,65.15116318,1.89,82.01058201,0.13,1.22,2.08,145.9817998,147.8256998,-1,0.988436759,-0.005454001,0.018694036,1
72,38932000000,65.49705198,1.89,82.46032069,0.14,1.19,2.09,145.4089998,147.7532998,-1,0.634049773,0.018694036,0.002621464,0
73,38932000000,64.33324602,1.89,80.94709285,0.14,1.2,2.05,144.7933997,147.6758498,1,0.996917963,0.002621464,0.014089155,1
74,38932000000,64.17047226,1.89,80.7354478,0.12,1.16,1.95,144.3257996,147.6264498,-1,0.995423734,0.014089155,0.013266001,0
75,38932000000,63.30779309,1.89,79.61375726,0.15,1.18,1.96,143.7947997,147.5514498,1,0.748120904,0.013266001,-0.01387872,0
76,38932000000,62.5061502,1.89,78.57142857,0.15,1.18,1.93,143.3859996,147.4858498,1,0.981045723,-0.01387872,-0.014914626,0
77,38932000000,63.35662211,1.89,79.67724674,0.15,1.2,1.98,143.0531996,147.4474498,1,0.891217232,-0.014914626,0.008377236,1
78,38932000000,64.28441079,1.89,80.8835953,0.15,1.15,1.96,142.6859996,147.4406999,1,0.748120904,0.008377236,-0.014496494,0
79,38932000000,63.76762041,1.89,80.21164344,0.17,1.19,2.0,142.3375996,147.4040499,1,0.892644405,-0.014496494,0.018539383,1
80,38932000000,64.67506159,1.89,81.39153536,0.14,1.1,1.96,141.9515996,147.3815998,1,0.89814204,0.018539383,0.03509009,1
81,38932000000,63.53567014,1.89,79.91005226,0.14,1.04,1.87,141.5223994,147.3252498,1,0.999368489,0.03509009,0.004129145,0
82,38932000000,61.45221575,1.89,77.20106014,0.16,1.13,1.89,141.1919994,147.3025998,1,0.748120904,0.004129145,-0.014246022,0
83,38932000000,61.20805822,1.89,76.88359659,0.14,1.08,1.83,141.0037993,147.3455998,1,0.748120904,-0.014246022,-0.003447773,1
84,38932000000,62.06260336,1.89,77.99471093,0.17,1.23,1.92,140.9617995,147.3793498,1,0.923444629,-0.003447773,0.008247505,1
85,38932000000,62.27013291,1.89,78.2645493,0.17,1.24,1.95,140.9229994,147.4286998,1,0.748120904,0.008247505,-0.01800527,0
86,38932000000,61.77775705,1.89,77.62434218,0.18,1.26,2.01,140.8543996,147.4729498,1,0.985895574,-0.01800527,0.003290513,1
87,38932000000,62.87238028,1.89,79.04761582,0.17,1.27,2.02,140.7633995,147.5694998,1,0.996740758,0.003290513,0.002896066,0
88,38932000000,62.67299097,1.89,78.78836173,0.18,1.24,2.0,140.6283995,147.6198998,1,0.748120904,0.002896066,-0.026679825,0
89,38932000000,62.49800996,1.89,78.5608443,0.18,1.22,1.97,140.4689995,147.6651498,1,0.748120904,-0.026679825,-0.007546702,1
90,38932000000,64.15419799,1.89,80.71428733,0.18,1.22,1.91,140.3575996,147.7109998,-1,0.624040961,-0.007546702,-0.010429377,0
91,38932000000,64.62623257,1.89,81.32804588,0.2,1.33,1.98,140.2391997,147.7664498,-1,0.997176886,-0.010429377,0.013903426,1
92,38932000000,65.2854492,1.89,82.18518615,0.21,1.33,2.02,140.1211995,147.7807498,-1,0.970107496,0.013903426,-0.004224954,0
93,38932000000,64.41869681,1.89,81.05819944,0.24,1.34,1.96,139.9807994,147.7880998,-1,0.998722136,-0.004224954,0.018806779,1
94,38932000000,64.68320183,1.89,81.40211963,0.2,1.16,1.83,139.8773994,147.8364998,1,0.999260724,0.018806779,0.000927947,0
95,38932000000,63.5275299,1.89,79.89946799,0.21,1.18,1.87,139.6237993,147.8761998,1,0.748120904,0.000927947,-0.006911553,0
96,38932000000,63.47056064,1.89,79.82539424,0.24,1.14,1.78,139.4879994,147.9532498,-1,0.995363593,-0.006911553,-0.017652737,0
97,38932000000,63.89783321,1.89,80.38095141,0.25,1.15,1.77,139.4327995,148.0350498,1,0.748120904,-0.017652737,0.019244699,1
98,38932000000,65.00873692,1.89,81.8253936,0.27,1.21,1.76,139.4157997,148.1124498,1,0.748120904,0.019244699,-0.01792883,0
99,38932000000,63.82051645,1.89,80.28042102,0.26,1.13,1.69,139.3263997,148.1645498,-1,0.566708326,-0.01792883,0.024399897,1
100,38932000000,64.94770064,1.89,81.74603175,0.28,1.21,1.75,139.2519997,148.2323498,1,0.907100797,0.024399897,0.037062607,1
101,38932000000,63.45021935,1.89,79.79894567,0.31,1.26,1.8,139.1877995,148.3118498,-1,0.991562963,0.037062607,0.007900752,0
102,38932000000,61.25688724,1.89,76.94708607,0.29,1.27,1.87,139.1857994,148.3960498,1,0.999245882,0.007900752,0.009020932,1
103,38932000000,60.7929929,1.89,76.34391179,0.28,1.26,1.87,139.2529994,148.4976498,-1,0.999640346,0.009020932,-0.02007807,0
104,38932000000,60.26806229,1.89,75.66137566,0.27,1.25,1.88,139.3679994,148.6266498,1,0.748120904,-0.02007807,0.013684259,1
105,38932000000,61.46034978,1.89,77.21163634,0.27,1.21,1.81,139.4735994,148.7723498,1,0.995948493,0.013684259,0.01480337,1
106,38932000000,60.65871309,1.89,76.16931572,0.26,1.23,1.82,139.5489995,148.9018499,1,0.992921889,0.01480337,-0.004700752,0
107,38932000000,59.80416795,1.89,75.05820138,0.29,1.26,1.86,139.6071992,149.0573498,-1,0.999293685,-0.004700752,0.010063058,1
108,38932000000,60.07680701,1.89,75.41269777,0.26,1.19,1.87,139.4673991,149.2402498,1,0.996740758,0.010063058,0.02350044,1
109,38932000000,59.49897415,1.89,74.66137598,0.27,1.18,1.82,139.4067992,149.3991498,-1,0.970101118,0.02350044,0.019220749,0
110,38932000000,58.18053467,1.89,72.94708736,0.27,1.17,1.85,139.3629991,149.5666498,1,0.748120904,0.019220749,0.000443736,0
111,38932000000,57.1225332,1.89,71.57143083,0.29,1.24,1.89,139.3731993,149.7720999,1,0.748120904,0.000443736,-0.005369985,0
112,38932000000,57.09811869,1.89,71.53968609,0.28,1.23,1.86,139.4453993,149.9737499,1,0.999363363,-0.005369985,0.008756367,1
113,38932000000,57.39517226,1.89,71.92592722,0.31,1.25,1.91,139.6417992,150.1712999,1,0.748120904,0.008756367,0.010119113,1
114,38932000000,56.91499744,1.89,71.3015844,0.33,1.26,1.88,139.935999,150.3619499,-1,0.992583632,0.010119113,-0.00059931,0
115,38932000000,56.36565231,1.89,70.58730352,0.39,1.27,1.9,140.307599,150.5391999,1,0.994886935,-0.00059931,0.021112291,1
116,38932000000,56.39820707,1.89,70.62963254,0.38,1.29,1.96,140.7541991,150.71625,1,0.748120904,0.021112291,0.004456411,0
117,38932000000,55.27508989,1.89,69.16930991,0.38,1.27,1.93,140.980399,150.8757,1,0.999515295,0.004456411,0.004088866,0
118,38932000000,55.0390726,1.89,68.86243063,0.39,1.26,1.9,141.3527992,151.04195,1,0.981045723,0.004088866,0.036794102,1
119,38932000000,54.8234028,1.89,68.582008,0.4,1.37,2.01,141.7965993,151.1943,1,0.748120904,0.036794102,-0.010604653,0
120,38932000000,52.95154808,1.89,66.14814637,0.38,1.37,2.07,142.1931993,151.34415,-1,0.899255037,-0.010604653,0.010314231,1
121,38932000000,53.4968293,1.89,66.85714318,0.41,1.43,2.09,142.6381995,151.4945,-1,0.994880557,0.010314231,-0.035028168,0
122,38932000000,52.97189558,1.89,66.17460301,0.45,1.47,2.09,142.9787994,151.6157999,1,0.996917963,-0.035028168,0.028324339,1
123,27759000000,78.01643878,1.29,100.4728687,0.43,1.5,2.11,143.3545995,151.7640999,1,0.748120904,0.028324339,-0.03068521,0
124,27759000000,75.96600388,1.29,97.70542707,0.46,1.53,2.11,143.6373994,151.9086499,1,0.748120904,-0.03068521,-0.01387837,1
125,27759000000,78.25766538,1.29,100.7984487,0.46,1.51,2.08,143.9647995,152.0931999,1,0.748120904,-0.01387837,-0.002798118,1
126,27759000000,79.30872979,1.29,102.2170547,0.48,1.5,2.08,144.1317996,152.2302499,1,0.997115254,-0.002798118,-0.023772619,0
127,27759000000,79.52123706,1.29,102.5038727,0.47,1.47,2.05,144.3543997,152.36745,1,0.748120904,-0.023772619,0.023809477,1
128,27759000000,81.37064979,1.29,104.9999976,0.51,1.55,2.12,144.4765997,152.52215,-1,0.835652411,0.023809477,-0.000528761,0
129,27759000000,79.56144588,1.29,102.5581419,0.58,1.65,2.18,144.5471997,152.67605,1,0.995465696,-0.000528761,-0.015909594,0
130,27759000000,79.60164593,1.29,102.6123993,0.57,1.62,2.14,144.7095996,152.8473499,-1,0.996084452,-0.015909594,-0.014578795,1
131,27759000000,80.83075792,1.29,104.2713136,0.6,1.62,2.14,144.8639996,153.0014999,1,0.748120904,-0.014578795,-0.046854315,0
132,27759000000,81.97372069,1.29,105.8139535,0.58,1.54,2.07,145.0823996,153.1545499,1,0.748120904,-0.046854315,-0.015535811,1
133,27759000000,85.82762352,1.29,111.0155091,0.58,1.53,2.1,145.2803995,153.2963,1,0.748120904,-0.015535811,0.006782446,1
134,27759000000,87.12565489,1.29,112.7674428,0.65,1.56,2.12,145.3381995,153.39395,-1,0.977195203,0.006782446,0.016389996,1
135,27759000000,86.56279282,1.29,112.0077562,0.7,1.66,2.16,145.2777994,153.46695,1,0.99497968,0.016389996,-0.003434912,0
136,27759000000,85.22455263,1.29,110.2015532,0.75,1.66,2.09,145.1519992,153.5661,1,0.996917963,-0.003434912,0.012132762,1
137,27759000000,85.50597928,1.29,110.5813906,0.75,1.61,2.07,145.3055991,153.6918,1,0.748120904,0.012132762,-0.013784908,0
138,27759000000,84.52384302,1.29,109.2558158,0.78,1.62,2.11,145.4877991,153.8229501,-1,0.908017874,-0.013784908,-0.025369986,0
139,27759000000,85.6553163,1.29,110.7829486,0.78,1.63,2.12,145.6843991,153.9810001,-1,0.976799905,-0.025369986,-0.007983172,1
140,27759000000,87.79190481,1.29,113.6666705,0.76,1.6,2.11,145.8347989,154.1304,1,0.748120904,-0.007983172,-0.003371317,1
141,27759000000,88.46963545,1.29,114.5813935,0.78,1.66,2.14,145.9569989,154.24165,-1,0.57707721,-0.003371317,0.0018915,1
142,27759000000,88.75681123,1.29,114.9689904,0.89,1.78,2.23,146.075199,154.3458,1,0.999505401,0.0018915,0.048593899,1
143,27759000000,88.59599349,1.29,114.751937,0.88,1.76,2.22,146.2469989,154.46485,1,0.996133089,0.048593899,-0.021148267,0
144,27759000000,84.65594143,1.29,109.4341071,0.91,1.81,2.25,146.3759988,154.6061,1,0.991182685,-0.021148267,-0.026264259,0
145,27759000000,86.40771544,1.29,111.7984506,0.91,1.82,2.25,146.5665988,154.7744,1,0.985895574,-0.026264259,-0.019593609,1
146,27759000000,88.64194267,1.29,114.813954,1.14,1.96,2.3,146.7295987,154.9116,-1,0.943145633,-0.019593609,0.00592632,1
147,27759000000,90.34202715,1.29,117.1085328,1.07,1.84,2.24,146.8735986,155.033,1,0.748120904,0.00592632,0.01466116,1
148,27759000000,89.83084584,1.29,116.418599,1.13,1.9,2.29,146.9289984,155.14215,1,0.748120904,0.01466116,-0.02168021,0
149,27759000000,88.584504,1.29,114.7364299,1.11,1.94,2.37,147.1939984,155.27045,-1,0.99728477,-0.02168021,0.003781794,1
150,27759000000,90.46837643,1.29,117.2790646,1.09,1.9,2.34,147.3811984,155.40345,1,0.748120904,0.003781794,0.012971356,1
151,27759000000,90.14100059,1.29,116.8372102,1.05,1.85,2.31,147.4445987,155.5209,-1,0.957019269,0.012971356,-0.008331112,0
152,27759000000,89.03249752,1.29,115.3410801,1.03,1.82,2.24,147.5493988,155.61895,1,0.748120904,-0.008331112,0.011869399,1
153,27759000000,89.75043697,1.29,116.3100723,1.17,1.85,2.24,147.6641989,155.6711001,1,0.748120904,0.011869399,-0.009485626,0
154,27759000000,88.73958138,1.29,114.9457355,1.16,1.89,2.29,147.779599,155.7193501,-1,0.846121788,-0.009485626,0.019268754,1
155,27759000000,89.55515955,1.29,116.0465093,1.08,1.84,2.28,147.9731992,155.7768501,-1,0.993047059,0.019268754,0.088974571,1
156,27759000000,87.92974358,1.29,113.8527094,1.13,1.86,2.29,148.1235992,155.8364501,-1,0.998490691,0.088974571,-0.033189999,0
157,27759000000,81.03752484,1.29,104.5503838,1.01,1.71,2.17,148.3643994,155.9141502,1,0.748120904,-0.033189999,0.004175078,1
158,27759000000,83.69677537,1.29,108.1395349,0.91,1.56,2.11,148.8945996,156.0623502,1,0.748120904,0.004175078,0.003902249,0
159,27759000000,83.36365041,1.29,107.6899211,1.06,1.74,2.24,149.3769995,156.1960001,1,0.748120904,0.003902249,-0.00360023,0
160,27759000000,83.05350443,1.29,107.2713216,1.08,1.74,2.24,149.9991995,156.3504002,1,0.748120904,-0.00360023,-0.042404978,0
161,27759000000,83.34068021,1.29,107.6589185,1.05,1.65,2.16,150.5821994,156.5238502,-1,0.999526978,-0.042404978,-0.037304981,1
162,27759000000,86.8729388,1.29,112.4263556,1.07,1.71,2.19,151.1491992,156.6904002,1,0.996917963,-0.037304981,-0.017542732,1
163,27759000000,90.10079178,1.29,116.782941,1.12,1.8,2.24,151.5999994,156.8429002,1,0.748120904,-0.017542732,-0.015410357,1
164,27759000000,91.64579888,1.29,118.8682142,1.15,1.87,2.29,152.0173996,156.9650502,1,0.748120904,-0.015410357,0.075552501,1
165,27759000000,93.02424789,1.29,120.7286864,1.19,1.92,2.38,152.4335995,157.0593002,-1,0.998775661,0.075552501,-0.030465369,0
166,27759000000,86.7408404,1.29,112.2480644,1.22,1.96,2.36,152.8097995,157.1414502,-1,0.95898807,-0.030465369,-0.019627086,1
167,27759000000,89.35414176,1.29,115.7751985,1.28,2.1,2.47,153.3743994,157.2774502,1,0.876032591,-0.019627086,0.019337567,1
168,27759000000,91.07144732,1.29,118.0930204,1.28,2.1,2.49,153.8511993,157.4053001,1,0.996354342,0.019337567,0.014802693,0
169,27759000000,89.41157166,1.29,115.8527108,1.35,2.18,2.46,154.2463995,157.5421001,1,0.985869646,0.014802693,0.027059104,1
170,27759000000,88.15948946,1.29,114.162794,1.3,2.17,2.5,154.6271997,157.7049001,1,0.748120904,0.027059104,-0.003267074,0
171,27759000000,85.93100259,1.29,111.1550383,1.29,2.14,2.42,155.0665997,157.8564001,1,0.748120904,-0.003267074,0.000765222,1
172,27759000000,86.20094853,1.29,111.5193803,1.4,2.33,2.55,155.4971997,158.0363502,-1,0.998812556,0.000765222,0.009409426,1
173,27759000000,86.13776951,1.29,111.4341085,1.59,2.39,2.6,155.9173996,158.2135001,1,0.981045723,0.009409426,0.029122696,1
174,27759000000,85.36814052,1.29,110.3953517,1.52,2.34,2.52,156.3493997,158.3964001,1,0.996917963,0.029122696,-0.03224002,0
175,27759000000,83.05350443,1.29,107.2713216,1.55,2.37,2.51,156.8173996,158.5657501,1,0.748120904,-0.03224002,0.033612905,1
176,27759000000,85.70126548,1.29,110.8449655,1.67,2.55,2.6,157.3723996,158.7520501,-1,0.999719083,0.033612905,-0.004604975,0
177,27759000000,83.03052546,1.29,107.2403072,1.69,2.54,2.57,157.7127994,158.9020501,-1,0.982240379,-0.004604975,-0.010254967,0
178,27759000000,83.3981101,1.29,107.7364308,1.67,2.49,2.53,158.1761993,159.0591001,1,0.999746978,-0.010254967,0.002355642,1
179,27759000000,84.22517776,1.29,108.8527118,1.64,2.44,2.48,158.6467993,159.2199001,-1,0.993501484,0.002355642,-0.036718673,0
180,27759000000,84.03564069,1.29,108.5968964,1.63,2.42,2.44,158.9853995,159.3791001,1,0.748120904,-0.036718673,-0.006625692,1
181,27759000000,87.10267592,1.29,112.7364284,1.72,2.55,2.44,159.3193994,159.5751501,1,0.996917963,-0.006625692,0.002053304,1
182,27759000000,87.65979764,1.29,113.4883674,1.72,2.56,2.48,159.4427997,159.7196502,-1,0.95898807,0.002053304,0.02562309,1
183,27759000000,87.48749918,1.29,113.2558187,1.77,2.69,2.57,159.5737997,159.8663503,1,0.748120904,0.02562309,0.030752533,1
184,27759000000,85.39111072,1.29,110.4263542,1.79,2.7,2.63,159.7335995,160.0331002,-1,0.956482947,0.030752533,-0.07768286,0
185,27759000000,82.95011659,1.29,107.1317806,1.78,2.7,2.69,159.9915997,160.1936502,1,0.748120904,-0.07768286,-0.012651543,1
186,25881000000,97.00677642,1.2,124.8666636,1.81,2.76,2.76,160.2883997,160.3780502,-1,0.997402072,-0.012651543,0.006566228,1
187,25881000000,98.2008221,1.2,126.4666621,1.85,2.79,2.84,160.3115997,160.4847502,1,0.997186959,0.006566228,0.002260265,0
188,25881000000,97.58514779,1.2,125.6416702,1.77,2.66,2.82,160.2178,160.5525503,1,0.748120904,0.002260265,-0.015123823,0
189,25881000000,97.37369478,1.2,125.3583272,1.78,2.66,2.81,160.2057999,160.6079002,1,0.748120904,-0.015123823,-0.0063752,1
190,25881000000,98.81029033,1.2,127.2833379,1.84,2.79,2.92,160.1666,160.6745502,-1,0.910762489,-0.0063752,-0.020267641,0
191,25881000000,99.41974907,1.2,128.100001,1.84,2.79,2.95,160.0216,160.7347002,1,0.748120904,-0.020267641,0.015665447,1
192,25881000000,101.3973846,1.2,130.7499949,1.94,2.91,3.01,159.8644,160.7926003,1,0.973339558,0.015665447,0.025082939,1
193,25881000000,99.89238919,1.2,128.7333298,1.93,2.87,2.9,159.6238,160.8093003,1,0.519500852,0.025082939,-0.010960151,0
194,25881000000,97.54161027,1.2,125.5833308,2.01,2.96,2.94,159.475,160.8209503,1,0.996133089,-0.010960151,-0.018929898,0
195,25881000000,98.58018111,1.2,126.9749959,2.06,2.94,2.95,159.3880002,160.8771503,1,0.748120904,-0.018929898,0.00955539,1
196,25881000000,100.4085668,1.2,129.424998,2.03,2.84,2.88,159.1990002,160.9223504,-1,0.987463593,0.00955539,-0.058679537,0
197,25881000000,99.49437396,1.2,128.1999969,1.99,2.79,2.86,158.9240002,160.9509004,1,0.748120904,-0.058679537,0.038507961,1
198,25881000000,105.4583868,1.2,136.1916606,1.97,2.81,2.91,158.6258002,160.9844505,1,0.748120904,0.038507961,0.018839753,0
199,25881000000,101.689678,1.2,131.1416626,2.04,2.86,2.92,158.0916003,160.9566505,1,0.748120904,0.018839753,-0.00961785,0
200,25881000000,99.87995804,1.2,128.7166723,2.1,2.92,2.96,157.6930005,160.9372505,-1,0.998576522,-0.00961785,0.009253918,1
201,25881000000,100.8128071,1.2,129.9666723,2.1,3.01,3.07,157.4370004,160.9199505,1,0.996917963,0.009253918,-0.008215126,0
202,25881000000,99.92348606,1.2,128.774999,2.16,3.01,3.03,157.1510004,160.8901505,-1,0.9901613,-0.008215126,-0.013611098,0
203,25881000000,100.7195165,1.2,129.8416646,2.07,2.93,3.01,156.8258005,160.8674505,1,0.998653173,-0.013611098,0.004706815,1
204,25881000000,102.0566059,1.2,131.6333389,2.08,3.01,3.15,156.4166006,160.8277505,1,0.748120904,0.004706815,-0.010634966,0
205,25881000000,101.5963969,1.2,131.0166677,2.08,3.06,3.23,155.9748004,160.7775504,1,0.748120904,-0.010634966,-0.015305497,0
206,25881000000,102.6474084,1.2,132.4250031,1.99,2.95,3.19,155.4616003,160.7455004,1,0.992955804,-0.015305497,-0.013690199,1
207,25881000000,104.1835006,1.2,134.4833374,2.01,2.91,3.12,154.8846002,160.7031504,-1,0.991228342,-0.013690199,-0.037699251,0
208,25881000000,105.5765492,1.2,136.3499959,1.99,2.89,3.05,154.3656,160.6526504,-1,0.986483991,-0.037699251,0.014922701,1
209,25881000000,109.5629265,1.2,141.6916656,1.96,2.81,3.0,153.7484,160.5893504,1,0.511164188,0.014922701,0.001793955,0
210,25881000000,108.0081781,1.2,139.6083323,2.04,2.89,3.1,152.9854001,160.4966505,-1,0.999710977,0.001793955,-0.002029072,0
211,25881000000,107.8216064,1.2,139.3583298,2.07,2.83,3.09,152.3774002,160.4091005,-1,0.99789989,-0.002029072,-0.023029366,0
212,25881000000,108.0330594,1.2,139.6416728,2.16,2.96,3.17,151.8856003,160.3177505,1,0.748120904,-0.023029366,-0.015101865,1
213,25881000000,110.48956,1.2,142.9333369,2.16,2.89,3.07,151.4934003,160.2289005,1,0.748120904,-0.015101865,-0.002291659,1
214,25881000000,112.125149,1.2,145.1249949,2.11,2.84,3.05,151.0372003,160.1341505,-1,0.980963588,-0.002291659,0.008784629,1
215,25881000000,112.3739144,1.2,145.4583359,2.07,2.8,2.99,150.4770004,160.0076506,-1,0.990021646,0.008784629,-0.000923862,0
216,25881000000,111.4286247,1.2,144.1916656,2.09,2.88,3.08,149.8936005,159.8815006,1,0.748120904,-0.000923862,0.006333506,1
217,25881000000,111.5281309,1.2,144.325002,2.02,2.76,2.98,149.4572006,159.7595506,1,0.748120904,0.006333506,0.021425607,1
218,25881000000,110.8502628,1.2,143.4166718,2.01,2.71,2.97,148.9676007,159.6370506,1,0.999380708,0.021425607,-0.004431576,0
219,25881000000,108.6052057,1.2,140.4083379,1.99,2.7,2.99,148.5024005,159.5239506,-1,0.945874155,-0.004431576,0.026194563,1
220,25881000000,109.0716302,1.2,141.0333379,2.01,2.71,2.97,148.1254004,159.4278005,-1,0.93352282,0.026194563,0.000303288,0
221,25881000000,106.3850203,1.2,137.4333318,2.08,2.81,3.07,147.6162003,159.3254005,1,0.996917963,0.000303288,-0.002903,0
222,25881000000,106.3539234,1.2,137.3916626,2.16,2.94,3.09,147.1282004,159.2335505,1,0.748120904,-0.002903,-0.002774208,1
223,25881000000,106.652442,1.2,137.7916718,2.15,2.92,3.09,146.6380005,159.1334005,1,0.748120904,-0.002774208,-0.001926246,1
224,25881000000,106.9385104,1.2,138.174998,2.18,2.95,3.11,146.1932004,159.0254504,1,0.748120904,-0.001926246,0.038247676,1
225,25881000000,107.1375227,1.2,138.4416707,2.23,3.03,3.19,145.6288004,158.9009505,-1,0.991241097,0.038247676,-0.009287351,0
226,25881000000,103.331492,1.2,133.3416621,2.26,2.99,3.13,145.0532004,158.7778504,-1,0.93868047,-0.009287351,-0.006153468,1
227,25881000000,104.2643411,1.2,134.5916621,2.29,3.03,3.18,144.6694006,158.6918504,-1,0.85600251,-0.006153468,0.032793061,1
228,25881000000,104.8862405,1.2,135.4249954,2.35,3.07,3.18,144.4240009,158.5988004,1,0.999425411,0.032793061,0.003571738,0
229,25881000000,101.6772469,1.2,131.1250051,2.58,3.25,3.2,144.0846008,158.5027004,1,0.998589456,0.003571738,0.034234743,1
230,25881000000,101.3289753,1.2,130.6583277,2.89,3.56,3.42,143.8798007,158.4259504,1,0.748120904,0.034234743,-0.008826354,0
231,25881000000,98.10132541,1.2,126.3333384,3.15,3.61,3.45,143.5952008,158.3475504,-1,0.999730051,-0.008826354,-0.00739827,1
232,25881000000,98.94088389,1.2,127.4583308,2.93,3.38,3.39,143.4932007,158.2852504,1,0.998005331,-0.00739827,-0.00811078,0
233,25881000000,99.64984881,1.2,128.4083303,2.88,3.35,3.35,143.5244006,158.2337504,1,0.748120904,-0.00811078,0.015094177,1
234,25881000000,100.4334481,1.2,129.4583384,2.86,3.34,3.3,143.4838007,158.1708004,1,0.748120904,0.015094177,0.013509889,0
235,25881000000,98.99685256,1.2,127.5333277,2.92,3.38,3.39,143.5224005,158.1036004,1,0.996133089,0.013509889,0.026721918,1
236,25881000000,97.72818199,1.2,125.8333333,2.79,3.22,3.25,143.5970007,158.0652504,1,0.748120904,0.026721918,-0.02064321,0
237,25881000000,95.28412196,1.2,122.5583394,2.78,3.14,3.21,143.8974008,158.0448504,1,0.827024758,-0.02064321,0.011450104,1
238,25881000000,97.21200436,1.2,125.1416651,2.83,3.18,3.26,144.1456006,158.0436504,-1,0.994426727,0.011450104,0.020482477,1
239,25881000000,96.1547773,1.2,123.725001,2.89,3.24,3.31,144.3014008,158.0220504,1,0.748120904,0.020482477,-0.002536646,0
240,25881000000,94.30151979,1.2,121.2416712,2.88,3.25,3.3,144.4850006,157.9968504,1,0.748120904,-0.002536646,0.006833751,1
241,25881000000,94.53161952,1.2,121.5500005,2.88,3.15,3.22,144.8480005,157.9841003,1,0.922132611,0.006833751,-0.014757877,0
242,25881000000,93.91593572,1.2,120.7249959,2.8,3.01,3.14,145.0622006,157.9851003,1,0.996917963,-0.014757877,0.004714637,1
243,25881000000,95.26545624,1.2,122.5333277,2.79,2.88,3.11,145.3008008,158.0047003,1,0.748120904,0.004714637,0.023999496,1
244,25881000000,94.83635364,1.2,121.9583384,2.77,2.82,3.05,145.617601,158.0146503,1,0.748120904,0.023999496,0.009607238,0
245,25881000000,92.70323381,1.2,119.0999985,2.82,2.96,3.14,145.9264008,158.0235003,1,0.748120904,0.009607238,0.018930433,1
246,25881000000,91.85745027,1.2,117.9666646,2.87,3.05,3.2,146.3964008,158.0566503,1,0.748120904,0.018930433,0.016164361,0
247,25881000000,90.22185185,1.2,115.7749939,2.96,3.13,3.27,146.9098007,158.0937003,1,0.748120904,0.016164361,-0.005238658,0
248,25881000000,88.84745952,1.2,113.9333344,2.97,3.05,3.18,147.4792007,158.1694004,-1,0.99120599,-0.005238658,-0.029789645,0
249,32716000000,70.97130412,1.54,89.24675483,3.07,3.01,3.13,148.0462009,158.2613504,1,0.996764779,-0.029789645,0.0,1
250,32716000000,73.06190067,1.54,91.98701537,3.21,3.02,3.08,148.6032007,158.3576004,1,0.748120904,0.0,0.024517244,1
251,32716000000,73.06190067,1.54,91.98701537,3.16,3.06,3.11,149.1780005,158.4208004,-1,0.987669051,0.024517244,0.021573683,0
252,32716000000,71.38248859,1.54,89.78571706,3.12,3.05,3.1,149.6980005,158.4807504,-1,0.864449382,0.021573683,-0.003827107,0
253,32716000000,69.935916,1.54,87.88961435,3.13,3.06,3.14,150.2476004,158.5519503,1,0.997271478,-0.003827107,0.0327607,1
254,32716000000,70.19351953,1.54,88.22726956,3.18,3.14,3.17,150.9424002,158.6343503,-1,0.975445986,0.0327607,0.011533139,0
255,32716000000,68.05833863,1.54,85.42856984,3.18,3.18,3.17,151.6678003,158.7206003,1,0.999623656,0.011533139,-0.039651447,0
256,32716000000,67.3152358,1.54,84.45454387,3.11,3.0,3.08,152.4732004,158.8058003,-1,0.994285762,-0.039651447,0.020111466,1
257,32716000000,69.97554149,1.54,87.94155369,3.01,2.87,3.0,153.3732004,158.8932003,1,0.748120904,0.020111466,0.006672654,0
258,32716000000,68.65281937,1.54,86.20778864,3.07,2.89,3.04,154.2334006,158.9578503,1,0.748120904,0.006672654,-0.038284838,0
259,32716000000,68.21687086,1.54,85.63636681,3.06,2.89,3.03,155.0644006,159.0421503,1,0.999745548,-0.038284838,-0.038628677,0
260,32716000000,70.81773074,1.54,89.04545772,3.0,2.82,3.03,155.9190005,159.1313004,1,0.748120904,-0.038628677,-0.035955712,1
261,32716000000,73.5473924,1.54,92.62337623,2.93,2.69,3.02,156.7556006,159.1866003,1,0.974748671,-0.035955712,-0.005043373,1
262,32716000000,76.18293404,1.54,96.07792644,2.98,2.7,3.0,157.4148007,159.2069003,1,0.995647848,-0.005043373,0.017585927,1
263,32716000000,76.55448545,1.54,96.56493942,2.98,2.66,2.92,157.9500006,159.1989003,1,0.998218596,0.017585927,0.005227641,0
264,32716000000,75.28129899,1.54,94.8961035,3.09,2.85,3.0,158.4572006,159.2063003,-1,0.997024357,0.005227641,-0.038555661,0
265,32716000000,74.90479628,1.54,94.40260057,3.14,2.86,2.96,158.9386008,159.2312003,1,0.748120904,-0.038555661,0.016811243,1
266,32716000000,77.79299016,1.54,98.18831605,3.11,2.76,2.97,159.4074008,159.2498003,-1,0.95898807,0.016811243,-0.000873351,0
267,32716000000,76.55448545,1.54,96.56493942,3.29,2.97,3.06,159.6908008,159.2382002,1,0.999301791,-0.000873351,-0.005346185,0
268,32716000000,76.61888256,1.54,96.64934827,3.3,2.91,3.0,159.9962006,159.2239502,1,0.748120904,-0.005346185,0.040756716,1
269,32716000000,77.01520558,1.54,97.16883077,3.33,2.97,3.01,160.2318005,159.2077502,-1,0.985014856,0.040756716,0.023199505,0
270,32716000000,74.11215024,1.54,93.36363557,3.26,2.93,3.04,160.4308005,159.1900002,1,0.998218596,0.023199505,0.001139952,0
271,32716000000,72.49714282,1.54,91.24675602,3.25,2.98,3.15,160.6570004,159.2018002,1,0.748120904,0.001139952,-0.019215988,0
272,32716000000,72.41787671,1.54,91.14285754,3.26,2.97,3.12,160.8590002,159.2345002,1,0.954903126,-0.019215988,0.040119227,1
273,32716000000,73.78023189,1.54,92.92857182,3.23,2.91,3.1,161.1464001,159.2674502,-1,0.998306394,0.040119227,0.00174729,0
274,32716000000,71.04561138,1.54,89.34415347,3.26,2.95,3.11,161.4546002,159.2887002,1,0.748120904,0.00174729,-0.024641394,0
275,32716000000,70.92671976,1.54,89.18831565,3.27,3.04,3.15,161.9618002,159.3283502,-1,0.9973616,-0.024641394,-0.056419176,0
276,32716000000,72.6457649,1.54,91.4415632,3.24,3.02,3.14,162.3636002,159.3709002,-1,0.999151707,-0.056419176,0.025422649,1
277,32716000000,76.81704785,1.54,96.90909448,3.26,3.11,3.22,162.7332001,159.3950002,1,0.998218596,0.025422649,-0.010672336,0
278,32716000000,74.98405483,1.54,94.50648915,3.32,3.17,3.24,163.0117999,159.3737001,-1,0.911164403,-0.010672336,0.031916408,1
279,32716000000,75.76183942,1.54,95.52597442,3.29,3.18,3.26,163.4256,159.3798502,1,0.748120904,0.031916408,-0.026894215,0
280,32716000000,73.50775934,1.54,92.57142699,3.35,3.2,3.32,163.8145999,159.3892502,-1,0.998601854,-0.026894215,-0.051841271,0
281,32716000000,75.45964397,1.54,95.12987013,3.33,3.15,3.25,164.2273999,159.4192502,-1,0.95898807,-0.051841271,0.016112041,1
282,32716000000,79.42781033,1.54,100.3311653,3.36,3.2,3.21,164.5997998,159.4207502,-1,0.92241025,0.016112041,-0.033189225,0
283,32716000000,78.21407723,1.54,98.74025815,3.43,3.27,3.25,164.8066,159.3752002,1,0.748120904,-0.033189225,0.003253138,1
284,32716000000,80.80007566,1.54,102.1298693,3.48,3.27,3.23,165.0202002,159.3456502,1,0.995647848,0.003253138,-0.055716177,0
285,32716000000,80.54742342,1.54,101.7987041,3.5,3.3,3.27,165.0760004,159.2715002,1,0.748120904,-0.055716177,0.041008332,1
286,32716000000,85.12989084,1.54,107.8051976,3.51,3.39,3.37,165.2270004,159.2196001,1,0.748120904,0.041008332,0.009622619,0
287,32716000000,81.88995829,1.54,103.5584388,3.47,3.3,3.35,165.2526004,159.1319001,1,0.748120904,0.009622619,0.001966463,0
288,32716000000,81.13695287,1.54,102.5714329,3.61,3.43,3.49,165.4406006,159.0802501,-1,0.993160248,0.001966463,-0.036604776,0
289,32716000000,80.98337194,1.54,102.3701259,3.6,3.37,3.42,165.7324005,159.0186501,1,0.976326585,-0.036604776,0.045155469,1
290,32716000000,83.95083194,1.54,106.2597399,3.6,3.39,3.45,166.0352005,158.9529001,-1,0.998832762,0.045155469,-0.001466809,0
291,32716000000,80.44834456,1.54,101.6688359,3.67,3.45,3.47,166.1400006,158.8602501,1,0.995647848,-0.001466809,-0.037328104,0
292,32716000000,80.56228487,1.54,101.8181838,3.7,3.47,3.53,166.3814005,158.7936001,-1,0.953953564,-0.037328104,0.0067372,1
293,32716000000,83.57432923,1.54,105.7662369,3.92,3.58,3.51,166.6878003,158.7324501,1,0.748120904,0.0067372,-0.027821205,0
294,32716000000,83.03433543,1.54,105.0584372,3.95,3.6,3.47,166.9558002,154.7722019,1,0.748120904,-0.027821205,-0.004843614,1
295,32716000000,85.32804857,1.54,108.0649339,4.0,3.66,3.48,167.2166003,154.7722019,1,0.988154888,-0.004843614,-0.001015521,1
296,32716000000,85.72932288,1.54,108.5909063,3.96,3.62,3.52,167.3214005,154.7722019,1,0.748120904,-0.001015521,0.014115142,1
297,32716000000,85.81354029,1.54,108.7012947,4.05,3.69,3.52,167.4246005,154.7722019,-1,0.950161457,0.014115142,-0.001330909,0
298,32716000000,84.65926056,1.54,107.1883164,4.03,3.75,3.59,167.5346005,154.7722019,-1,0.999006927,-0.001330909,-0.029988268,0
299,32716000000,84.76824202,1.54,107.3311645,4.08,3.74,3.5,167.7500003,154.7722019,1,0.748120904,-0.029988268,0.01634254,1
300,32716000000,87.29974594,1.54,110.6493467,4.08,3.91,3.65,167.9364005,154.7722019,-1,0.970568955,0.01634254,0.011523401,0
301,32716000000,85.94234962,1.54,108.8701322,4.15,3.96,3.61,168.0240005,154.7722019,-1,0.968879163,0.011523401,-0.025515882,0
302,32716000000,84.99613021,1.54,107.6298701,4.17,4.15,3.72,168.0774005,154.7722019,1,0.993406653,-0.025515882,-0.011908929,1
303,32716000000,87.14617257,1.54,110.4480496,4.16,4.21,3.87,167.9468005,154.7722019,1,0.748120904,-0.011908929,0.001804094,1
304,32716000000,88.16174794,1.54,111.7792204,3.99,3.92,3.7,167.7388007,154.7722019,1,0.748120904,0.001804094,-0.018450793,0
305,32716000000,88.00817457,1.54,111.5779233,3.98,3.98,3.71,167.4916006,154.7722019,1,0.998218596,-0.018450793,-0.018941968,0
306,32716000000,89.60832053,1.54,113.6753231,4.05,4.06,3.79,167.2874005,154.7722019,1,0.824560523,-0.018941968,0.023693448,1
307,32716000000,91.28278131,1.54,115.8701315,4.01,3.9,3.73,167.0344006,154.7722019,1,0.748120904,0.023693448,-0.001718132,0
308,32716000000,89.23676912,1.54,113.1883101,4.15,3.84,3.7,166.7558005,154.7722019,-1,0.996670187,-0.001718132,-0.024307141,0
309,32716000000,89.3853912,1.54,113.3831173,4.14,3.96,3.78,166.5942004,154.7722019,1,0.748120904,-0.024307141,0.019134399,1
310,44185000000,67.93785547,2.11,84.81516906,4.19,4.05,3.81,166.4980005,154.7722019,1,0.748120904,0.019134399,0.005036658,0
311,44185000000,66.69572586,2.11,83.22275171,4.24,4.14,3.86,166.3802005,154.7722019,-1,0.997984052,0.005036658,0.003734095,0
312,44185000000,66.37040446,2.11,82.80568778,4.28,4.14,3.92,166.3120004,154.7722019,-1,0.998807669,0.003734095,0.022677871,1
313,44185000000,66.13011383,2.11,82.4976338,4.28,4.12,3.9,166.3282004,154.7722019,1,0.982679605,0.022677871,0.008233618,0
314,44185000000,64.70314355,2.11,80.66824963,4.46,4.21,3.97,166.3484003,154.7722019,-1,0.999414682,0.008233618,0.020800595,1
315,44185000000,64.18928668,2.11,80.00948214,4.5,4.25,3.99,166.3880002,154.7722019,1,0.890023887,0.020800595,0.008537683,0
316,44185000000,62.91758189,2.11,78.37914923,4.5,4.24,4.04,166.455,154.7722019,-1,0.95898807,0.008537683,0.020918944,1
317,44185000000,62.4000246,2.11,77.71563779,4.5,4.21,4.04,166.5873999,154.7722019,1,0.965675414,0.020918944,0.006454031,0
318,44185000000,61.15789499,2.11,76.12322043,4.6,4.35,4.15,166.8062,154.7722019,1,0.985895574,0.006454031,0.029015411,1
319,44185000000,60.77712364,2.11,75.63506935,4.66,4.45,4.24,167.1878,154.7722019,-1,0.99945575,0.029015411,0.029677343,1
320,44185000000,59.11355751,2.11,73.50236793,4.58,4.34,4.33,167.6362,154.7722019,-1,0.998742402,0.029677343,-0.026562404,0
321,44185000000,57.46108137,2.11,71.38388394,4.61,4.36,4.4,168.0858002,154.7722019,1,0.99576664,-0.026562404,-0.023908708,1
322,44185000000,58.98047199,2.11,73.33175153,4.6,4.25,4.26,168.6610004,154.7722019,-1,0.969885111,-0.023908708,-0.027186209,0
323,44185000000,60.38156752,2.11,75.12796411,4.54,4.2,4.19,169.1522003,154.7722019,-1,0.95898807,-0.027186209,0.034997424,1
324,44185000000,62.01925324,2.11,77.22748671,4.5,4.09,4.12,169.5884003,154.7722019,1,0.986297607,0.034997424,-0.011676086,0
325,44185000000,59.98231097,2.11,74.6161149,4.55,4.19,4.15,169.8550003,154.7722019,-1,0.992422402,-0.011676086,-0.023717565,0
326,44185000000,60.66991853,2.11,75.49763178,4.66,4.27,4.22,170.2190002,154.7722019,-1,0.996450901,-0.023717565,-0.018408215,1
327,44185000000,62.1005836,2.11,77.33175269,4.75,4.27,4.14,170.4928003,154.7722019,-1,0.999072433,-0.018408215,-0.001981279,1
328,44185000000,63.23180766,2.11,78.7819885,4.76,4.3,4.15,170.6244003,154.7722019,1,0.748120904,-0.001981279,0.020588239,1
329,44185000000,63.35380319,2.11,78.93838747,4.78,4.36,4.18,170.7226004,154.7722019,-1,0.677392602,0.020588239,-0.011627896,0
330,44185000000,62.11167358,2.11,77.34597012,4.76,4.33,4.27,170.8366003,154.7722019,1,0.997109473,-0.011627896,0.001637786,1
331,44185000000,62.82146112,2.11,78.25592186,4.8,4.39,4.34,171.1586005,154.7722019,1,0.748120904,0.001637786,0.01296547,1
332,44185000000,62.72165122,2.11,78.12796498,4.77,4.31,4.28,171.3428006,154.7722019,1,0.748120904,0.01296547,0.01668019,1
333,44185000000,61.94162332,2.11,77.12796469,4.75,4.27,4.31,171.5606006,154.7722019,-1,0.990731537,0.01668019,-0.025864166,0
334,44185000000,60.95457476,2.11,75.86256271,4.59,3.95,4.03,171.8948004,154.7722019,1,0.75524056,-0.025864166,-0.017812287,1
335,44185000000,62.52572055,2.11,77.87678072,4.63,4.0,4.07,172.1846002,154.7722019,-1,0.999696255,-0.017812287,-0.009355766,1
336,44185000000,63.62736943,2.11,79.28910097,4.6,3.93,3.98,172.3998001,154.7722019,-1,0.99881506,-0.009355766,-0.021269186,0
337,44185000000,64.21146666,2.11,80.03791701,4.62,3.83,3.85,172.4773999,154.7722019,1,0.995596588,-0.021269186,-0.001388913,1
338,44185000000,65.56819658,2.11,81.77725263,4.68,3.93,3.89,172.4062,154.7722019,1,0.748120904,-0.001388913,0.023152465,1
339,44185000000,65.6569165,2.11,81.89099208,4.74,3.99,3.92,172.1919998,154.7722019,1,0.748120904,0.023152465,0.001423182,0
340,44185000000,64.21146666,2.11,80.03791701,4.75,3.97,3.91,172.0113998,154.7722019,-1,0.996262491,0.001423182,-0.020218428,0
341,44185000000,64.1227411,2.11,79.92417033,4.79,3.93,3.83,171.9291998,154.7722019,1,0.748120904,-0.020218428,-0.023598841,0
342,44185000000,65.40923066,2.11,81.5734574,4.75,3.88,3.74,171.8623999,154.7722019,-1,0.921372652,-0.023598841,0.008293754,1
343,44185000000,66.94710648,2.11,83.54502312,4.76,3.85,3.74,171.6248001,154.7722019,1,0.748120904,0.008293754,0.018466726,1
344,44185000000,66.41106964,2.11,82.85782077,4.76,3.88,3.74,171.2354001,154.7722019,1,0.748120904,0.018466726,-0.00423456,0
345,44185000000,65.23918039,2.11,81.35545197,4.78,3.92,3.81,170.9776001,154.7722019,1,0.748120904,-0.00423456,-0.00294965,1
346,44185000000,65.50904621,2.11,81.70142151,4.74,3.82,3.8,170.7726001,154.7722019,1,0.995631218,-0.00294965,-0.016719759,0
347,44185000000,65.69758167,2.11,81.94312507,4.66,3.68,3.64,170.5452002,154.7722019,-1,0.97395885,-0.016719759,0.007044246,1
348,44185000000,66.78444578,2.11,83.33649116,4.69,3.67,3.56,170.2982004,154.7722019,1,0.748120904,0.007044246,-0.000972641,0
349,44185000000,66.32973928,2.11,82.75355479,4.77,3.8,3.62,169.9388004,154.7722019,1,0.748120904,-0.000972641,0.026125738,1
350,44185000000,66.39258444,2.11,82.83412264,4.73,3.73,3.52,169.5164005,154.7722019,1,0.748120904,0.026125738,0.069777669,1
351,44185000000,64.7475035,2.11,80.72511935,4.67,3.62,3.42,169.0408005,154.7722019,1,0.979508281,0.069777669,-0.00294321,0
352,44185000000,60.64034334,2.11,75.45971622,4.71,3.71,3.44,168.6342004,154.7722019,1,0.98347187,-0.00294321,-0.000563252,1
353,44185000000,60.81409403,2.11,75.68246561,4.72,3.75,3.56,168.4496005,154.7722019,1,0.748120904,-0.000563252,-0.011384707,0
354,44185000000,60.847364,2.11,75.7251179,4.75,3.8,3.57,168.2132004,154.7722019,-1,0.948177218,-0.011384707,-0.004864285,1
355,44185000000,61.52757636,2.11,76.59715408,4.64,3.66,3.53,167.9760004,154.7722019,1,0.748120904,-0.004864285,-0.012765126,0
356,44185000000,61.81962779,2.11,76.97156572,4.64,3.64,3.52,167.7598004,154.7722019,1,0.748120904,-0.012765126,-0.010347117,1
357,44185000000,62.59595527,2.11,77.96682204,4.65,3.62,3.48,167.5204004,154.7722019,1,0.748120904,-0.010347117,-0.021024778,0
358,44185000000,63.23180766,2.11,78.7819885,4.61,3.61,3.53,167.2558005,154.7722019,1,0.748120904,-0.021024778,-0.018894113,1
359,44185000000,64.55157283,2.11,80.4739351,4.64,3.7,3.62,166.9504007,154.7722019,1,0.621612012,-0.018894113,0.005110662,1
360,44185000000,65.76043247,2.11,82.02370015,4.64,3.79,3.74,166.5842007,154.7722019,-1,0.998831451,0.005110662,-0.019028066,0
361,44185000000,65.43511106,2.11,81.60663623,4.6,3.78,3.74,166.1232007,154.7722019,-1,0.549062788,-0.019028066,0.002570236,1
362,44185000000,66.66984546,2.11,83.18957288,4.64,3.79,3.73,165.6586008,154.7722019,-1,0.991468072,0.002570236,0.016783782,1
363,44185000000,66.50348998,2.11,82.97630419,4.66,3.86,3.82,165.1440009,154.7722019,-1,0.788001895,0.016783782,0.000116189,0
364,44185000000,65.43511106,2.11,81.60663623,4.75,3.94,3.93,164.693801,154.7722019,1,0.748120904,0.000116189,0.000988361,1
365,44185000000,65.42771586,2.11,81.59715553,4.71,3.97,3.98,164.227001,154.7722019,1,0.994801641,0.000988361,-0.016693335,0
366,44185000000,65.3648707,2.11,81.51658768,4.71,3.94,3.92,163.7700012,154.7722019,-1,0.95898807,-0.016693335,-0.026599882,0
367,44185000000,66.4443396,2.11,82.90047307,4.73,3.99,3.97,163.3028012,154.7722019,1,0.748120904,-0.026599882,-0.012691597,1
368,44185000000,68.21141607,2.11,85.16587533,4.72,3.94,3.88,162.7782013,154.7722019,1,0.748120904,-0.012691597,0.02500415,1
369,44185000000,69.06537911,2.11,86.2606609,4.71,3.85,3.81,162.1738013,154.7722019,-1,0.905964434,0.02500415,-0.010090297,0
370,44185000000,67.4239986,2.11,84.15640158,4.78,3.9,3.78,161.5188013,154.7722019,1,0.997325659,-0.010090297,0.000502045,1
371,26775000000,114.0757779,1.25,143.5040039,4.71,3.69,3.67,160.942601,154.7722019,1,0.748120904,0.000502045,-0.005767252,0
372,26775000000,114.0205547,1.25,143.4319946,4.69,3.66,3.66,160.286001,154.7722019,-1,0.972486556,-0.005767252,0.02297483,1
373,26775000000,114.6586125,1.25,144.2640015,4.74,3.72,3.74,159.597001,154.7722019,1,0.748120904,0.02297483,0.003643813,0
374,26775000000,112.1738867,1.25,141.023999,4.73,3.66,3.67,158.8656009,154.7722019,-1,0.904826462,0.003643813,0.015318769,1
375,26775000000,111.7812393,1.25,140.5119995,4.66,3.53,3.56,158.158201,154.7722019,1,0.99243319,0.015318769,0.019086925,1
376,26775000000,110.1554361,1.25,138.3920044,4.69,3.6,3.61,157.4756009,154.7722019,1,0.975643158,0.019086925,-0.008122002,0
377,26775000000,108.1676535,1.25,135.8,4.67,3.6,3.64,156.8720007,154.7722019,1,0.748120904,-0.008122002,-0.006501771,1
378,26775000000,109.020435,1.25,136.9119995,4.63,3.43,3.54,156.3350006,154.7722019,1,0.981597185,-0.006501771,-0.039263851,0
379,26775000000,109.7075655,1.25,137.8079956,4.65,3.48,3.57,155.7780005,154.7722019,1,0.990974247,-0.039263851,0.028509156,1
380,26775000000,114.0266958,1.25,143.4400024,4.68,3.56,3.66,155.1728006,154.7722019,-1,0.718064487,0.028509156,-0.008023237,0
381,26775000000,110.97754,1.25,139.4640015,4.7,3.61,3.69,154.4090005,154.7722019,1,0.748120904,-0.008023237,-0.020674235,0
382,26775000000,111.8425943,1.25,140.5920044,4.7,3.58,3.62,153.7052005,154.7722019,1,0.748120904,-0.020674235,0.028013287,1
383,26775000000,114.1187189,1.25,143.5599976,4.67,3.54,3.62,153.0434003,154.7722019,-1,0.904826462,0.028013287,-0.002970095,0
384,26775000000,111.1186452,1.25,139.647998,4.68,3.58,3.62,152.2844003,154.7722019,-1,0.725328267,-0.002970095,0.02278309,1
385,26775000000,111.4376741,1.25,140.0640015,4.68,3.62,3.64,151.6314005,154.7722019,-1,0.994466901,0.02278309,0.035446317,1
386,26775000000,109.0449713,1.25,136.9439941,4.71,3.68,3.66,151.0372003,154.7722019,1,0.999425888,0.035446317,0.021502787,0
387,26775000000,105.4497995,1.25,132.2560059,4.68,3.63,3.65,150.5520004,154.7722019,1,0.748120904,0.021502787,-0.011724464,0
388,26775000000,103.3147707,1.25,129.4719971,4.66,3.48,3.55,150.1822003,154.7722019,1,0.999522805,-0.011724464,-0.006129816,1
389,26775000000,104.4927128,1.25,131.0079956,4.64,3.49,3.55,149.8624005,154.7722019,-1,0.904826462,-0.006129816,-0.003206284,1
390,26775000000,105.112366,1.25,131.8160034,4.79,3.67,3.63,149.4558005,154.7722019,-1,0.959940732,-0.003206284,0.031577617,1
391,26775000000,105.4375266,1.25,132.2400024,4.85,3.81,3.67,149.0192004,154.7722019,1,0.748120904,0.031577617,0.021873656,0
392,26775000000,102.333157,1.25,128.1920044,4.88,3.85,3.72,148.6344003,154.7722019,1,0.982856929,0.021873656,-0.031678429,0
393,26775000000,100.2288057,1.25,125.447998,4.87,3.82,3.7,148.4054001,154.7722019,1,0.999301314,-0.031678429,0.003283556,1
394,26775000000,103.3761257,1.25,129.552002,4.88,3.87,3.75,148.2498001,154.7722019,1,0.999348581,0.003283556,0.002422056,0
395,26775000000,103.050965,1.25,129.1280029,4.89,3.93,3.83,147.9734,154.7722019,-1,0.999707758,0.002422056,0.002927444,1
396,26775000000,102.8116957,1.25,128.8160034,4.91,3.93,3.79,147.7362,154.7722019,1,0.748120904,0.002927444,0.016976044,1
397,26775000000,102.5233443,1.25,128.4400024,4.99,4.0,3.81,147.4951999,154.7722019,-1,0.930338442,0.016976044,0.028535992,1
398,26775000000,100.879127,1.25,126.2959961,4.96,4.04,3.85,147.3656,154.7722019,-1,0.889261544,0.028535992,0.016490103,0
399,26775000000,98.19195045,1.25,122.7920044,4.99,4.06,3.92,147.3104001,154.7722019,-1,0.997604966,0.016490103,0.006666667,0
400,26775000000,96.664302,1.25,120.8,5.0,4.03,3.88,147.3744,154.7722019,-1,0.644328594,0.006666667,6.66e-05,0
401,26775000000,96.05078992,1.25,120.0,5.07,4.16,3.98,147.4404001,154.7722019,1,0.748120904,6.66e-05,0.014336988,1
402,26775000000,96.04465817,1.25,119.9920044,5.07,4.13,3.94,147.5134,154.7722019,1,0.748120904,0.014336988,-0.000338041,0
403,26775000000,94.74400619,1.25,118.2959961,5.03,4.09,3.88,147.5637997,154.7722019,1,0.748120904,-0.000338041,-0.019163182,0
404,26775000000,94.77468366,1.25,118.3359985,5.05,4.19,3.93,147.6429999,154.7722019,1,0.9989779,-0.019163182,0.00245942,1
405,26775000000,96.5477332,1.25,120.647998,5.03,4.17,3.93,147.7469998,154.7722019,1,0.748120904,0.00245942,-0.005552593,0
406,26775000000,96.32073673,1.25,120.352002,5.02,4.18,3.93,147.7028,154.7722019,1,0.985895574,-0.005552593,0.002119714,1
407,26775000000,96.83608463,1.25,121.023999,5.06,4.27,3.97,147.6447998,154.7722019,1,0.997605801,0.002119714,-0.003498573,0
408,26775000000,96.63976563,1.25,120.7680054,5.04,4.32,4.03,147.5863998,154.7722019,-1,0.904826462,-0.003498573,0.009798701,1
409,26775000000,96.96492629,1.25,121.1920044,5.03,4.26,3.9,147.5595996,154.7722019,1,0.748120904,0.009798701,0.007115988,0
410,26775000000,96.06306278,1.25,120.0160034,5.05,4.27,3.92,147.5239996,154.7722019,-1,0.904826462,0.007115988,-0.005607452,0
411,26775000000,95.41274147,1.25,119.1680054,5.22,4.31,3.88,147.4873996,154.7722019,-1,0.991365194,-0.005607452,-0.018155628,0
412,26775000000,95.92808937,1.25,119.8400024,5.25,4.34,3.88,147.4421994,154.7722019,-1,0.885643601,-0.018155628,0.024991609,1
413,26775000000,97.62752046,1.25,122.0560059,5.18,4.22,3.88,147.3733994,154.7722019,-1,0.989142716,0.024991609,-0.00314761,0
414,26775000000,95.34525477,1.25,119.0800049,4.9,3.96,3.7,147.3257993,154.7722019,1,0.935407043,-0.00314761,0.004574865,1
415,26775000000,95.63360619,1.25,119.4560059,4.3,3.68,3.7,147.371199,154.7722019,1,0.748120904,0.004574865,-0.000336291,0
416,26775000000,95.21641311,1.25,118.9119995,4.45,3.78,3.77,147.366799,154.7722019,-1,0.997642338,-0.000336291,-0.005284943,0
417,26775000000,95.24709059,1.25,118.952002,4.19,3.59,3.7,147.371799,154.7722019,1,0.748120904,-0.005284943,0.001473946,1
418,26775000000,95.73176101,1.25,119.5839966,4.49,3.72,3.71,147.315199,154.7722019,1,0.748120904,0.001473946,0.003361119,1
419,26775000000,95.59678761,1.25,119.4079956,4.26,3.44,3.6,147.2375992,154.7722019,1,0.748120904,0.003361119,0.015080119,1
420,26775000000,95.29003156,1.25,119.0079956,4.34,3.56,3.65,147.1741992,154.7722019,1,0.748120904,0.015080119,0.011806178,0
421,26775000000,93.9341751,1.25,117.2400024,4.68,3.73,3.73,147.1217993,154.7722019,-1,0.757645309,0.011806178,0.007512534,0
422,26775000000,92.88506533,1.25,115.8719971,4.56,3.54,3.68,147.1319992,154.7722019,-1,0.984045267,0.007512534,0.02022561,1
423,26775000000,92.22247115,1.25,115.0079956,4.38,3.39,3.66,147.1741992,154.7722019,-1,0.95898807,0.02022561,-0.004239919,0
424,26775000000,90.47396734,1.25,112.7280029,4.32,3.41,3.64,147.2461993,154.7722019,-1,0.973193407,-0.004239919,-0.009103026,0
425,26775000000,90.84206897,1.25,113.2079956,4.51,3.59,3.77,147.3383994,154.7722019,1,0.953586161,-0.009103026,-0.000629785,1
426,26775000000,91.63963655,1.25,114.247998,4.55,3.63,3.77,147.4253995,154.7722019,-1,0.95898807,-0.000629785,-0.002721749,0
427,26775000000,91.69485039,1.25,114.3199951,4.59,3.67,3.78,147.4819995,154.7722019,-1,0.523822069,-0.002721749,0.00908446,1
428,26775000000,91.93411973,1.25,114.6319946,4.63,3.66,3.74,147.5235995,154.7722019,-1,0.757645309,0.00908446,0.006307132,0
429,26775000000,91.14269326,1.25,113.6,4.64,3.6,3.67,147.5931998,154.7722019,1,0.998165667,0.006307132,0.01415841,1
430,26775000000,90.59666788,1.25,112.8880005,4.6,3.52,3.64,147.7329999,154.7722019,-1,0.999027848,0.01415841,-0.024605641,0
431,26775000000,89.38804833,1.25,111.3119995,4.5,3.39,3.6,147.8819998,154.7722019,1,0.748120904,-0.024605641,0.008127165,1
432,26775000000,91.54147237,1.25,114.1199951,4.43,3.36,3.56,148.0351999,154.7722019,-1,0.993640244,0.008127165,-0.002889181,0
433,26775000000,90.83593722,1.25,113.2,4.51,3.37,3.54,148.0901999,154.7722019,1,0.998026013,-0.002889181,-0.023801277,0
434,26958000000,90.97060983,1.31,108.3282471,4.61,3.49,3.61,148.1831998,154.7722019,1,0.945894241,-0.023801277,-0.01054998,1
435,26958000000,93.09565167,1.31,110.9694619,4.65,3.52,3.62,148.1939996,154.7722019,1,0.999755323,-0.01054998,0.000612929,1
436,26958000000,94.0476255,1.31,112.1526704,4.67,3.54,3.62,148.2143997,154.7722019,1,0.748120904,0.000612929,0.006719203,1
437,26958000000,93.99235196,1.31,112.0839709,4.64,3.46,3.64,148.2455997,154.7722019,1,0.992165089,0.006719203,0.016872436,1
438,26958000000,93.39046264,1.31,111.3358825,4.66,3.51,3.69,148.2919995,154.7722019,-1,0.997784793,0.016872436,0.003427943,0
439,26958000000,91.90414978,1.31,109.488544,4.77,3.6,3.74,148.2877994,154.7722019,1,0.991926908,0.003427943,-0.021361051,0
440,26958000000,91.6032098,1.31,109.1145057,4.8,3.69,3.81,148.3091995,154.7722019,1,0.748120904,-0.021361051,-0.018347979,1
441,26958000000,93.51943423,1.31,111.4961813,4.81,3.69,3.79,148.3525995,154.7722019,1,0.999794781,-0.018347979,-0.001610451,1
442,26958000000,95.19613061,1.31,113.5801475,4.84,3.71,3.79,148.2961996,154.7722019,-1,0.976291358,-0.001610451,0.006143692,1
443,26958000000,95.34353609,1.31,113.7633578,4.77,3.63,3.75,148.2117999,154.7722019,-1,0.99020642,0.006143692,-0.009562072,0
444,26958000000,94.78463418,1.31,113.0686986,4.78,3.66,3.78,155.0180851,154.7722019,1,0.997792125,-0.009562072,0.003893414,1
445,26958000000,95.66290996,1.31,114.1603077,4.76,3.6,3.73,155.0180851,154.7722019,-1,0.768245816,0.003893414,-0.033101875,0
446,26958000000,95.30668707,1.31,113.7175582,4.6,3.43,3.65,155.0180851,154.7722019,1,0.99727124,-0.033101875,-0.006704876,1
447,26958000000,98.43898565,1.31,117.6106926,4.64,3.46,3.7,155.0180851,154.7722019,1,0.998551428,-0.006704876,-0.010083616,0
448,26958000000,99.077724,1.31,118.4045806,4.78,3.6,3.76,155.0180851,154.7722019,1,0.998881519,-0.010083616,0.015489302,1
449,26958000000,100.0481224,1.31,119.6106889,4.8,3.51,3.67,155.0180851,154.7722019,1,0.998920321,0.015489302,0.004230454,0
450,26958000000,98.58024338,1.31,117.7862619,4.86,3.64,3.84,155.0180851,154.7722019,1,0.999491572,0.004230454,0.007474916,1
451,26958000000,98.18102371,1.31,117.2900717,4.74,3.46,3.72,155.0180851,154.7722019,1,0.748120904,0.007474916,0.004478645,0
452,26958000000,97.48086407,1.31,116.4198431,4.7,3.37,3.7,155.0180851,154.7722019,1,0.748120904,0.004478645,-0.008424721,0
453,26958000000,97.06322925,1.31,115.9007648,4.59,3.29,3.73,155.0180851,154.7722019,-1,0.869822323,-0.008424721,0.030417152,1
454,26958000000,97.85551147,1.31,116.8854925,4.73,3.41,3.76,155.0180851,154.7722019,1,0.993405819,0.030417152,0.00718458,0
455,26958000000,95.07944515,1.31,113.4351192,4.79,3.49,3.84,155.0180851,154.7722019,1,0.998588502,0.00718458,-0.005527146,0
456,26958000000,94.42841129,1.31,112.6259491,4.81,3.51,3.85,155.0180851,154.7722019,-1,0.99495405,-0.005527146,-0.008421298,0
457,26958000000,94.93203966,1.31,113.2519089,4.7,3.37,3.8,155.0180851,154.7722019,1,0.748120904,-0.008421298,-0.00060124,1
458,26958000000,95.70589737,1.31,114.2137367,4.7,3.36,3.73,155.0180851,154.7722019,1,0.748120904,-0.00060124,0.010257131,1
459,26958000000,95.76118028,1.31,114.2824479,4.75,3.45,3.78,155.0180851,154.7722019,-1,0.999491215,0.010257131,0.01015682,0
460,26958000000,94.82763096,1.31,113.1221393,4.73,3.46,3.84,155.0180851,154.7722019,-1,0.991951227,0.01015682,0.002323014,0
461,26958000000,93.91250615,1.31,111.9847305,4.88,3.52,3.87,155.0180851,154.7722019,-1,0.998128116,0.002323014,-0.025501044,0
462,26958000000,93.70368875,1.31,111.7251913,4.92,3.58,3.88,155.0180851,154.7722019,-1,0.999206007,-0.025501044,-0.006154001,1
463,26958000000,96.05598188,1.31,114.6488568,5.02,3.69,3.91,155.0180851,154.7722019,1,0.974241018,-0.006154001,0.01354788,1
464,26958000000,96.62716055,1.31,115.3587749,5.02,3.76,3.95,155.0180851,154.7722019,1,0.923079908,0.01354788,0.001410482,0
465,26958000000,95.38653288,1.31,113.8167986,5.07,3.77,3.97,155.0180851,154.7722019,1,0.99561429,0.001410482,0.020773336,1
466,26958000000,95.25755191,1.31,113.6564881,5.06,3.76,3.96,155.0180851,154.7722019,-1,0.998914242,0.020773336,0.001785676,0
467,26958000000,93.39660102,1.31,111.3435119,5.12,3.75,3.97,155.0180851,154.7722019,-1,0.970570087,0.001785676,-0.00335403,0
468,26958000000,93.23691877,1.31,111.1450428,5.24,3.9,4.01,155.0180851,154.7722019,-1,0.98487848,-0.00335403,-0.000342159,1
469,26958000000,93.53785875,1.31,111.5190812,5.25,3.92,3.96,155.0180851,154.7722019,1,0.99541074,-0.000342159,-0.006255938,0
470,26958000000,93.5685694,1.31,111.5572514,5.22,3.81,3.9,155.0180851,154.7722019,1,0.97448355,-0.006255938,0.000748558,1
471,26958000000,94.13360969,1.31,112.2595401,5.18,3.74,3.85,155.0180851,154.7722019,-1,0.996730328,0.000748558,-0.002782327,0
472,26958000000,94.06605002,1.31,112.1755702,5.11,3.7,3.84,155.0180851,154.7722019,-1,0.998827159,-0.002782327,0.012644285,1
473,26958000000,94.3178642,1.31,112.4885501,5.22,3.84,3.88,155.0180851,154.7722019,-1,0.948596001,0.012644285,-0.002330977,0
474,26958000000,93.18778361,1.31,111.0839727,5.17,3.82,3.89,155.0180851,154.7722019,1,0.999601543,-0.002330977,0.001510582,1
475,26958000000,93.39660102,1.31,111.3435119,5.2,3.85,3.87,155.0180851,154.7722019,-1,0.999504924,0.001510582,0.004552377,1
476,26958000000,93.26148167,1.31,111.1755721,5.16,3.93,3.95,155.0180851,154.7722019,-1,0.96139282,0.004552377,-0.012196011,0
477,26958000000,92.85612362,1.31,110.6717525,5.12,3.87,3.89,155.0180851,154.7722019,1,0.99975127,-0.012196011,-0.014900337,0
478,26958000000,93.95550293,1.31,112.0381712,5.17,3.92,3.89,155.0180851,154.7722019,-1,0.995756209,-0.014900337,0.002894507,1
479,26958000000,95.3189732,1.31,113.7328286,5.18,3.89,3.87,155.0180851,154.7722019,-1,0.95898807,0.002894507,0.011989063,1
480,26958000000,95.05487288,1.31,113.4045783,5.26,4.01,3.94,155.0180851,154.7722019,-1,0.916602731,0.011989063,0.009628674,0
481,26958000000,93.97392745,1.31,112.061071,5.27,4.06,3.9,155.0180851,154.7722019,1,0.983920038,0.009628674,-0.005131714,0
482,26958000000,93.11407618,1.31,110.9923618,5.21,3.91,3.85,155.0180851,154.7722019,-1,0.938101649,-0.005131714,0.025974005,1
483,26958000000,93.57470778,1.31,111.5648808,5.24,3.99,3.86,155.0180851,154.7722019,-1,0.852430046,0.025974005,-0.026914424,0
484,26958000000,91.30226046,1.31,108.7404557,5.24,3.96,3.83,155.0180851,154.7722019,1,0.97448355,-0.026914424,-0.014075946,1
485,26958000000,93.72211326,1.31,111.7480911,5.25,3.95,3.81,155.0180851,154.7722019,1,0.991266191,-0.014075946,-0.00449211,1
486,26958000000,95.00573772,1.31,113.3435082,5.29,4.03,3.88,155.0180851,154.7722019,-1,0.983500361,-0.00449211,0.024100484,1
487,26958000000,95.41723415,1.31,113.8549572,5.25,3.99,3.82,155.0180851,154.7722019,1,0.987042665,0.024100484,0.007889269,0
488,26958000000,93.26148167,1.31,111.1755721,5.27,3.96,3.83,155.0180851,154.7722019,1,0.985895574,0.007889269,-0.004203712,0
489,26958000000,92.56132202,1.31,110.3053435,5.33,4.02,3.84,155.0180851,154.7722019,-1,0.892429113,-0.004203712,0.013054978,1
490,26958000000,92.93596942,1.31,110.7709928,5.32,3.97,3.81,155.0180851,154.7722019,-1,0.998746872,0.013054978,-0.009199708,0
491,26958000000,91.78746432,1.31,109.3435156,5.41,4.14,3.92,155.0180851,154.7722019,1,0.94709307,-0.009199708,0.017955239,1
