Date,label,score
2015-09-15,POSITIVE,0.748120903968811
2018-01-01,POSITIVE,0.748120903968811
2018-01-02,POSITIVE,0.748120903968811
2018-01-03,POSITIVE,0.748120903968811
2018-01-04,POSITIVE,0.748120903968811
2018-01-05,POSITIVE,0.748120903968811
2018-01-06,POSITIVE,0.748120903968811
2018-01-07,POSITIVE,0.748120903968811
2018-01-08,POSITIVE,0.748120903968811
2018-01-09,POSITIVE,0.748120903968811
2018-01-10,POSITIVE,0.748120903968811
2018-01-11,POSITIVE,0.748120903968811
2018-01-12,POSITIVE,0.748120903968811
2018-01-15,POSITIVE,0.748120903968811
2018-01-16,POSITIVE,0.748120903968811
2018-01-17,POSITIVE,0.748120903968811
2018-01-18,POSITIVE,0.748120903968811
2018-01-19,POSITIVE,0.748120903968811
2018-01-20,POSITIVE,0.748120903968811
2018-01-22,POSITIVE,0.748120903968811
2018-01-23,POSITIVE,0.748120903968811
2018-01-24,POSITIVE,0.748120903968811
2018-01-25,POSITIVE,0.748120903968811
2018-01-26,POSITIVE,0.748120903968811
2018-01-27,POSITIVE,0.748120903968811
2018-01-28,POSITIVE,0.748120903968811
2018-01-29,POSITIVE,0.748120903968811
2018-01-30,POSITIVE,0.748120903968811
2018-01-31,POSITIVE,0.748120903968811
2018-02-01,POSITIVE,0.748120903968811
2018-02-02,POSITIVE,0.748120903968811
2018-02-05,POSITIVE,0.748120903968811
2018-02-06,POSITIVE,0.748120903968811
2018-02-07,POSITIVE,0.748120903968811
2018-02-08,POSITIVE,0.748120903968811
2018-02-09,POSITIVE,0.748120903968811
2018-02-10,POSITIVE,0.748120903968811
2018-02-11,POSITIVE,0.748120903968811
2018-02-12,POSITIVE,0.748120903968811
2018-02-13,POSITIVE,0.748120903968811
2018-02-14,POSITIVE,0.748120903968811
2018-02-15,POSITIVE,0.748120903968811
2018-02-16,POSITIVE,0.748120903968811
2018-02-20,POSITIVE,0.748120903968811
2018-02-21,POSITIVE,0.748120903968811
2018-02-22,POSITIVE,0.748120903968811
2018-02-24,POSITIVE,0.748120903968811
2018-02-25,POSITIVE,0.748120903968811
2018-02-26,POSITIVE,0.748120903968811
2018-02-27,POSITIVE,0.748120903968811
2018-02-28,POSITIVE,0.748120903968811
2018-03-01,POSITIVE,0.748120903968811
2018-03-03,POSITIVE,0.748120903968811
2018-03-05,POSITIVE,0.748120903968811
2018-03-06,POSITIVE,0.748120903968811
2018-03-07,POSITIVE,0.748120903968811
2018-03-08,POSITIVE,0.748120903968811
2018-03-10,POSITIVE,0.748120903968811
2018-03-12,POSITIVE,0.748120903968811
2018-03-13,POSITIVE,0.748120903968811
2018-03-14,POSITIVE,0.748120903968811
2018-03-15,POSITIVE,0.748120903968811
2018-03-16,POSITIVE,0.748120903968811
2018-03-17,POSITIVE,0.748120903968811
2018-03-19,POSITIVE,0.748120903968811
2018-03-20,POSITIVE,0.748120903968811
2018-03-21,POSITIVE,0.748120903968811
2018-03-22,POSITIVE,0.748120903968811
2018-03-23,POSITIVE,0.748120903968811
2018-03-26,POSITIVE,0.748120903968811
2018-03-27,POSITIVE,0.748120903968811
2018-03-28,POSITIVE,0.748120903968811
2018-03-29,POSITIVE,0.748120903968811
2018-03-30,POSITIVE,0.748120903968811
2018-03-31,POSITIVE,0.748120903968811
2018-04-01,POSITIVE,0.748120903968811
2018-04-02,POSITIVE,0.748120903968811
2018-04-03,POSITIVE,0.748120903968811
2018-04-04,POSITIVE,0.748120903968811
2018-04-05,POSITIVE,0.748120903968811
2018-04-06,POSITIVE,0.748120903968811
2018-04-07,POSITIVE,0.748120903968811
2018-04-09,POSITIVE,0.748120903968811
2018-04-10,POSITIVE,0.748120903968811
2018-04-11,POSITIVE,0.748120903968811
2018-04-12,POSITIVE,0.748120903968811
2018-04-13,POSITIVE,0.748120903968811
2018-04-16,POSITIVE,0.748120903968811
2018-04-17,POSITIVE,0.748120903968811
2018-04-18,POSITIVE,0.748120903968811
2018-04-19,POSITIVE,0.748120903968811
2018-04-20,POSITIVE,0.748120903968811
2018-04-21,POSITIVE,0.748120903968811
2018-04-23,POSITIVE,0.748120903968811
2018-04-24,POSITIVE,0.748120903968811
2018-04-25,POSITIVE,0.748120903968811
2018-04-26,POSITIVE,0.748120903968811
2018-04-27,POSITIVE,0.748120903968811
2018-04-29,POSITIVE,0.748120903968811
2018-04-30,POSITIVE,0.748120903968811
2018-05-01,POSITIVE,0.748120903968811
2018-05-02,POSITIVE,0.748120903968811
2018-05-03,POSITIVE,0.748120903968811
2018-05-04,POSITIVE,0.748120903968811
2018-05-06,POSITIVE,0.748120903968811
2018-05-07,POSITIVE,0.748120903968811
2018-05-08,POSITIVE,0.748120903968811
2018-05-09,POSITIVE,0.748120903968811
2018-05-10,POSITIVE,0.748120903968811
2018-05-11,POSITIVE,0.748120903968811
2018-05-13,POSITIVE,0.748120903968811
2018-05-14,POSITIVE,0.748120903968811
2018-05-15,POSITIVE,0.748120903968811
2018-05-16,POSITIVE,0.748120903968811
2018-05-17,POSITIVE,0.748120903968811
2018-05-18,POSITIVE,0.748120903968811
2018-05-20,POSITIVE,0.748120903968811
2018-05-21,POSITIVE,0.748120903968811
2018-05-22,POSITIVE,0.748120903968811
2018-05-23,POSITIVE,0.748120903968811
2018-05-24,POSITIVE,0.748120903968811
2018-05-25,POSITIVE,0.748120903968811
2018-05-27,POSITIVE,0.748120903968811
2018-05-28,POSITIVE,0.748120903968811
2018-05-29,POSITIVE,0.748120903968811
2018-05-30,POSITIVE,0.748120903968811
2018-05-31,POSITIVE,0.748120903968811
2018-06-01,POSITIVE,0.748120903968811
2018-06-02,POSITIVE,0.748120903968811
2018-06-03,POSITIVE,0.748120903968811
2018-06-04,POSITIVE,0.748120903968811
2018-06-05,POSITIVE,0.748120903968811
2018-06-06,POSITIVE,0.748120903968811
2018-06-07,POSITIVE,0.748120903968811
2018-06-08,POSITIVE,0.748120903968811
2018-06-11,POSITIVE,0.748120903968811
2018-06-12,POSITIVE,0.748120903968811
2018-06-13,POSITIVE,0.748120903968811
2018-06-14,POSITIVE,0.748120903968811
2018-06-15,POSITIVE,0.748120903968811
2018-06-18,POSITIVE,0.748120903968811
2018-06-19,POSITIVE,0.748120903968811
2018-06-20,POSITIVE,0.748120903968811
2018-06-21,POSITIVE,0.748120903968811
2018-06-22,POSITIVE,0.748120903968811
2018-06-25,POSITIVE,0.748120903968811
2018-06-26,POSITIVE,0.748120903968811
2018-06-27,POSITIVE,0.748120903968811
2018-06-29,POSITIVE,0.748120903968811
2018-06-30,POSITIVE,0.748120903968811
2018-07-02,POSITIVE,0.748120903968811
2018-07-03,POSITIVE,0.748120903968811
2018-07-05,POSITIVE,0.748120903968811
2018-07-06,POSITIVE,0.748120903968811
2018-07-08,POSITIVE,0.748120903968811
2018-07-10,POSITIVE,0.748120903968811
2018-07-11,POSITIVE,0.748120903968811
2018-07-12,POSITIVE,0.748120903968811
2018-07-13,POSITIVE,0.748120903968811
2018-07-16,POSITIVE,0.748120903968811
2018-07-17,POSITIVE,0.748120903968811
2018-07-18,POSITIVE,0.748120903968811
2018-07-19,POSITIVE,0.748120903968811
2018-07-20,POSITIVE,0.748120903968811
2018-07-23,POSITIVE,0.748120903968811
2018-07-24,POSITIVE,0.748120903968811
2018-07-25,POSITIVE,0.748120903968811
2018-07-26,POSITIVE,0.748120903968811
2018-07-27,POSITIVE,0.748120903968811
2018-07-30,POSITIVE,0.748120903968811
2018-07-31,POSITIVE,0.748120903968811
2018-08-01,POSITIVE,0.748120903968811
2018-08-02,POSITIVE,0.748120903968811
2018-08-03,POSITIVE,0.748120903968811
2018-08-04,POSITIVE,0.748120903968811
2018-08-05,POSITIVE,0.748120903968811
2018-08-06,POSITIVE,0.748120903968811
2018-08-07,POSITIVE,0.748120903968811
2018-08-08,POSITIVE,0.748120903968811
2018-08-09,POSITIVE,0.748120903968811
2018-08-10,POSITIVE,0.748120903968811
2018-08-13,POSITIVE,0.748120903968811
2018-08-14,POSITIVE,0.748120903968811
2018-08-15,POSITIVE,0.748120903968811
2018-08-16,POSITIVE,0.748120903968811
2018-08-17,POSITIVE,0.748120903968811
2018-08-20,POSITIVE,0.748120903968811
2018-08-21,POSITIVE,0.748120903968811
2018-08-22,POSITIVE,0.748120903968811
2018-08-23,POSITIVE,0.748120903968811
2018-08-24,POSITIVE,0.748120903968811
2018-08-25,POSITIVE,0.748120903968811
2018-08-27,POSITIVE,0.748120903968811
2018-08-28,POSITIVE,0.748120903968811
2018-08-29,POSITIVE,0.748120903968811
2018-08-30,POSITIVE,0.748120903968811
2018-08-31,POSITIVE,0.748120903968811
2018-09-04,POSITIVE,0.748120903968811
2018-09-05,POSITIVE,0.748120903968811
2018-09-06,POSITIVE,0.748120903968811
2018-09-07,POSITIVE,0.748120903968811
2018-09-09,POSITIVE,0.748120903968811
2018-09-10,POSITIVE,0.748120903968811
2018-09-11,POSITIVE,0.748120903968811
2018-09-12,POSITIVE,0.748120903968811
2018-09-13,POSITIVE,0.748120903968811
2018-09-14,POSITIVE,0.748120903968811
2018-09-15,POSITIVE,0.748120903968811
2018-09-16,POSITIVE,0.748120903968811
2018-09-17,POSITIVE,0.748120903968811
2018-09-18,POSITIVE,0.748120903968811
2018-09-19,POSITIVE,0.748120903968811
2018-09-20,POSITIVE,0.748120903968811
2018-09-21,POSITIVE,0.748120903968811
2018-09-22,POSITIVE,0.748120903968811
2018-09-24,POSITIVE,0.748120903968811
2018-09-25,POSITIVE,0.748120903968811
2018-09-26,POSITIVE,0.748120903968811
2018-09-27,POSITIVE,0.748120903968811
2018-09-28,POSITIVE,0.748120903968811
2018-09-30,POSITIVE,0.748120903968811
2018-10-01,POSITIVE,0.748120903968811
2018-10-02,POSITIVE,0.748120903968811
2018-10-03,POSITIVE,0.748120903968811
2018-10-04,POSITIVE,0.748120903968811
2018-10-05,POSITIVE,0.748120903968811
2018-10-08,POSITIVE,0.748120903968811
2018-10-09,POSITIVE,0.748120903968811
2018-10-10,POSITIVE,0.748120903968811
2018-10-11,POSITIVE,0.748120903968811
2018-10-12,POSITIVE,0.748120903968811
2018-10-13,POSITIVE,0.748120903968811
2018-10-14,POSITIVE,0.748120903968811
2018-10-15,POSITIVE,0.748120903968811
2018-10-16,POSITIVE,0.748120903968811
2018-10-18,POSITIVE,0.748120903968811
2018-10-19,POSITIVE,0.748120903968811
2018-10-21,POSITIVE,0.748120903968811
2018-10-22,POSITIVE,0.748120903968811
2018-10-23,POSITIVE,0.748120903968811
2018-10-24,POSITIVE,0.748120903968811
2018-10-25,POSITIVE,0.748120903968811
2018-10-26,POSITIVE,0.748120903968811
2018-10-28,POSITIVE,0.748120903968811
2018-10-29,POSITIVE,0.748120903968811
2018-10-30,POSITIVE,0.748120903968811
2018-10-31,POSITIVE,0.748120903968811
2018-11-01,POSITIVE,0.748120903968811
2018-11-02,POSITIVE,0.748120903968811
2018-11-04,POSITIVE,0.748120903968811
2018-11-05,POSITIVE,0.748120903968811
2018-11-06,POSITIVE,0.748120903968811
2018-11-07,POSITIVE,0.748120903968811
2018-11-08,POSITIVE,0.748120903968811
2018-11-09,POSITIVE,0.748120903968811
2018-11-11,POSITIVE,0.748120903968811
2018-11-12,POSITIVE,0.748120903968811
2018-11-13,POSITIVE,0.748120903968811
2018-11-14,POSITIVE,0.748120903968811
2018-11-15,POSITIVE,0.748120903968811
2018-11-16,POSITIVE,0.748120903968811
2018-11-17,POSITIVE,0.748120903968811
2018-11-18,POSITIVE,0.748120903968811
2018-11-19,POSITIVE,0.748120903968811
2018-11-20,POSITIVE,0.748120903968811
2018-11-21,POSITIVE,0.748120903968811
2018-11-23,POSITIVE,0.748120903968811
2018-11-26,POSITIVE,0.748120903968811
2018-11-27,POSITIVE,0.748120903968811
2018-11-28,POSITIVE,0.748120903968811
2018-11-29,POSITIVE,0.748120903968811
2018-11-30,POSITIVE,0.748120903968811
2018-12-01,POSITIVE,0.748120903968811
2018-12-03,POSITIVE,0.748120903968811
2018-12-04,POSITIVE,0.748120903968811
2018-12-05,POSITIVE,0.748120903968811
2018-12-06,POSITIVE,0.748120903968811
2018-12-07,POSITIVE,0.748120903968811
2018-12-08,POSITIVE,0.748120903968811
2018-12-09,POSITIVE,0.748120903968811
2018-12-10,POSITIVE,0.748120903968811
2018-12-11,POSITIVE,0.748120903968811
2018-12-12,POSITIVE,0.748120903968811
2018-12-13,POSITIVE,0.748120903968811
2018-12-14,POSITIVE,0.748120903968811
2018-12-15,POSITIVE,0.748120903968811
2018-12-16,POSITIVE,0.748120903968811
2018-12-17,POSITIVE,0.748120903968811
2018-12-18,POSITIVE,0.748120903968811
2018-12-19,POSITIVE,0.748120903968811
2018-12-20,POSITIVE,0.748120903968811
2018-12-23,POSITIVE,0.748120903968811
2018-12-24,POSITIVE,0.748120903968811
2018-12-26,POSITIVE,0.748120903968811
2018-12-27,POSITIVE,0.748120903968811
2018-12-28,POSITIVE,0.748120903968811
2018-12-30,POSITIVE,0.748120903968811
2018-12-31,POSITIVE,0.748120903968811
2019-01-02,POSITIVE,0.748120903968811
2019-01-03,POSITIVE,0.748120903968811
2019-01-04,POSITIVE,0.748120903968811
2019-01-06,POSITIVE,0.748120903968811
2019-01-07,POSITIVE,0.748120903968811
2019-01-08,POSITIVE,0.748120903968811
2019-01-09,POSITIVE,0.748120903968811
2019-01-10,POSITIVE,0.748120903968811
2019-01-11,POSITIVE,0.748120903968811
2019-01-12,POSITIVE,0.748120903968811
2019-01-13,POSITIVE,0.748120903968811
2019-01-14,POSITIVE,0.748120903968811
2019-01-15,POSITIVE,0.748120903968811
2019-01-16,POSITIVE,0.748120903968811
2019-01-17,POSITIVE,0.748120903968811
2019-01-18,POSITIVE,0.748120903968811
2019-01-22,POSITIVE,0.748120903968811
2019-01-23,POSITIVE,0.748120903968811
2019-01-24,POSITIVE,0.748120903968811
2019-01-25,POSITIVE,0.748120903968811
2019-01-28,POSITIVE,0.748120903968811
2019-01-29,POSITIVE,0.748120903968811
2019-01-30,POSITIVE,0.748120903968811
2019-01-31,POSITIVE,0.748120903968811
2019-02-01,POSITIVE,0.748120903968811
2019-02-02,POSITIVE,0.748120903968811
2019-02-04,POSITIVE,0.748120903968811
2019-02-05,POSITIVE,0.748120903968811
2019-02-06,POSITIVE,0.748120903968811
2019-02-07,POSITIVE,0.748120903968811
2019-02-08,POSITIVE,0.748120903968811
2019-02-10,POSITIVE,0.748120903968811
2019-02-11,POSITIVE,0.748120903968811
2019-02-12,POSITIVE,0.748120903968811
2019-02-13,POSITIVE,0.748120903968811
2019-02-14,POSITIVE,0.748120903968811
2019-02-15,POSITIVE,0.748120903968811
2019-02-18,POSITIVE,0.748120903968811
2019-02-19,POSITIVE,0.748120903968811
2019-02-20,POSITIVE,0.748120903968811
2019-02-21,POSITIVE,0.748120903968811
2019-02-22,POSITIVE,0.748120903968811
2019-02-23,POSITIVE,0.748120903968811
2019-02-25,POSITIVE,0.748120903968811
2019-02-26,POSITIVE,0.748120903968811
2019-02-27,POSITIVE,0.748120903968811
2019-02-28,POSITIVE,0.748120903968811
2019-03-01,POSITIVE,0.748120903968811
2019-03-03,POSITIVE,0.748120903968811
2019-03-04,POSITIVE,0.748120903968811
2019-03-05,POSITIVE,0.748120903968811
2019-03-06,POSITIVE,0.748120903968811
2019-03-07,POSITIVE,0.748120903968811
2019-03-08,POSITIVE,0.748120903968811
2019-03-11,POSITIVE,0.748120903968811
2019-03-12,POSITIVE,0.748120903968811
2019-03-13,POSITIVE,0.748120903968811
2019-03-14,POSITIVE,0.748120903968811
2019-03-15,POSITIVE,0.748120903968811
2019-03-17,POSITIVE,0.748120903968811
2019-03-18,POSITIVE,0.748120903968811
2019-03-19,POSITIVE,0.748120903968811
2019-03-20,POSITIVE,0.748120903968811
2019-03-21,POSITIVE,0.748120903968811
2019-03-22,POSITIVE,0.748120903968811
2019-03-23,POSITIVE,0.748120903968811
2019-03-24,POSITIVE,0.748120903968811
2019-03-25,POSITIVE,0.748120903968811
2019-03-26,POSITIVE,0.748120903968811
2019-03-27,POSITIVE,0.748120903968811
2019-03-28,POSITIVE,0.748120903968811
2019-03-29,POSITIVE,0.748120903968811
2019-03-31,POSITIVE,0.748120903968811
2019-04-01,POSITIVE,0.748120903968811
2019-04-02,POSITIVE,0.748120903968811
2019-04-03,POSITIVE,0.748120903968811
2019-04-04,POSITIVE,0.748120903968811
2019-04-05,POSITIVE,0.748120903968811
2019-04-08,POSITIVE,0.748120903968811
2019-04-09,POSITIVE,0.748120903968811
2019-04-10,POSITIVE,0.748120903968811
2019-04-11,POSITIVE,0.748120903968811
2019-04-12,POSITIVE,0.748120903968811
2019-04-15,POSITIVE,0.748120903968811
2019-04-16,POSITIVE,0.748120903968811
2019-04-17,POSITIVE,0.748120903968811
2019-04-18,POSITIVE,0.748120903968811
2019-04-19,POSITIVE,0.748120903968811
2019-04-22,POSITIVE,0.748120903968811
2019-04-23,POSITIVE,0.748120903968811
2019-04-24,POSITIVE,0.748120903968811
2019-04-25,POSITIVE,0.748120903968811
2019-04-26,POSITIVE,0.748120903968811
2019-04-27,POSITIVE,0.748120903968811
2019-04-28,POSITIVE,0.748120903968811
2019-04-29,POSITIVE,0.748120903968811
2019-04-30,POSITIVE,0.748120903968811
2019-05-01,POSITIVE,0.748120903968811
2019-05-02,POSITIVE,0.748120903968811
2019-05-03,POSITIVE,0.748120903968811
2019-05-05,POSITIVE,0.748120903968811
2019-05-06,POSITIVE,0.748120903968811
2019-05-07,POSITIVE,0.748120903968811
2019-05-08,POSITIVE,0.748120903968811
2019-05-09,POSITIVE,0.748120903968811
2019-05-13,POSITIVE,0.748120903968811
2019-05-14,POSITIVE,0.748120903968811
2019-05-15,POSITIVE,0.748120903968811
2019-05-16,POSITIVE,0.748120903968811
2019-05-17,POSITIVE,0.748120903968811
2019-05-18,POSITIVE,0.748120903968811
2019-05-19,POSITIVE,0.748120903968811
2019-05-20,POSITIVE,0.748120903968811
2019-05-21,POSITIVE,0.748120903968811
2019-05-22,POSITIVE,0.748120903968811
2019-05-23,POSITIVE,0.748120903968811
2019-05-24,POSITIVE,0.748120903968811
2019-05-26,POSITIVE,0.748120903968811
2019-05-27,POSITIVE,0.748120903968811
2019-05-28,POSITIVE,0.748120903968811
2019-05-29,POSITIVE,0.748120903968811
2019-05-30,POSITIVE,0.748120903968811
2019-05-31,POSITIVE,0.748120903968811
2019-06-02,POSITIVE,0.748120903968811
2019-06-03,POSITIVE,0.748120903968811
2019-06-04,POSITIVE,0.748120903968811
2019-06-05,POSITIVE,0.748120903968811
2019-06-06,POSITIVE,0.748120903968811
2019-06-07,POSITIVE,0.748120903968811
2019-06-08,POSITIVE,0.748120903968811
2019-06-10,POSITIVE,0.748120903968811
2019-06-11,POSITIVE,0.748120903968811
2019-06-13,POSITIVE,0.748120903968811
2019-06-14,POSITIVE,0.748120903968811
2019-06-15,POSITIVE,0.748120903968811
2019-06-17,POSITIVE,0.748120903968811
2019-06-18,POSITIVE,0.748120903968811
2019-06-19,POSITIVE,0.748120903968811
2019-06-20,POSITIVE,0.748120903968811
2019-06-21,POSITIVE,0.748120903968811
2019-06-24,POSITIVE,0.748120903968811
2019-06-25,POSITIVE,0.748120903968811
2019-06-26,POSITIVE,0.748120903968811
2019-06-27,POSITIVE,0.748120903968811
2019-06-28,POSITIVE,0.748120903968811
2019-07-01,POSITIVE,0.748120903968811
2019-07-02,POSITIVE,0.748120903968811
2019-07-03,POSITIVE,0.748120903968811
2019-07-05,POSITIVE,0.748120903968811
2019-07-06,POSITIVE,0.748120903968811
2019-07-08,POSITIVE,0.748120903968811
2019-07-09,POSITIVE,0.748120903968811
2019-07-10,POSITIVE,0.748120903968811
2019-07-11,POSITIVE,0.748120903968811
2019-07-12,POSITIVE,0.748120903968811
2019-07-16,POSITIVE,0.748120903968811
2019-07-17,POSITIVE,0.748120903968811
2019-07-18,POSITIVE,0.748120903968811
2019-07-19,POSITIVE,0.748120903968811
2019-07-21,POSITIVE,0.748120903968811
2019-07-22,POSITIVE,0.748120903968811
2019-07-23,POSITIVE,0.748120903968811
2019-07-24,POSITIVE,0.748120903968811
2019-07-25,POSITIVE,0.748120903968811
2019-07-26,POSITIVE,0.748120903968811
2019-07-27,POSITIVE,0.748120903968811
2019-07-28,POSITIVE,0.748120903968811
2019-07-29,POSITIVE,0.748120903968811
2019-07-30,POSITIVE,0.748120903968811
2019-07-31,POSITIVE,0.748120903968811
2019-08-01,POSITIVE,0.748120903968811
2019-08-02,POSITIVE,0.748120903968811
2019-08-04,POSITIVE,0.748120903968811
2019-08-05,POSITIVE,0.748120903968811
2019-08-06,POSITIVE,0.748120903968811
2019-08-07,POSITIVE,0.748120903968811
2019-08-08,POSITIVE,0.748120903968811
2019-08-09,POSITIVE,0.748120903968811
2019-08-10,POSITIVE,0.748120903968811
2019-08-12,POSITIVE,0.748120903968811
2019-08-13,POSITIVE,0.748120903968811
2019-08-14,POSITIVE,0.748120903968811
2019-08-15,POSITIVE,0.748120903968811
2019-08-16,POSITIVE,0.748120903968811
2019-08-17,POSITIVE,0.748120903968811
2019-08-19,POSITIVE,0.748120903968811
2019-08-20,POSITIVE,0.748120903968811
2019-08-21,POSITIVE,0.748120903968811
2019-08-22,POSITIVE,0.748120903968811
2019-08-23,POSITIVE,0.748120903968811
2019-08-24,POSITIVE,0.748120903968811
2019-08-26,POSITIVE,0.748120903968811
2019-08-27,POSITIVE,0.748120903968811
2019-08-28,POSITIVE,0.748120903968811
2019-08-29,POSITIVE,0.748120903968811
2019-08-30,POSITIVE,0.748120903968811
2019-08-31,POSITIVE,0.748120903968811
2019-09-02,POSITIVE,0.748120903968811
2019-09-03,POSITIVE,0.748120903968811
2019-09-04,POSITIVE,0.748120903968811
2019-09-05,POSITIVE,0.748120903968811
2019-09-06,POSITIVE,0.748120903968811
2019-09-07,POSITIVE,0.748120903968811
2019-09-08,POSITIVE,0.748120903968811
2019-09-09,POSITIVE,0.748120903968811
2019-09-10,POSITIVE,0.748120903968811
2019-09-11,POSITIVE,0.748120903968811
2019-09-12,POSITIVE,0.748120903968811
2019-09-13,POSITIVE,0.748120903968811
2019-09-14,POSITIVE,0.748120903968811
2019-09-15,POSITIVE,0.748120903968811
2019-09-16,POSITIVE,0.748120903968811
2019-09-17,POSITIVE,0.748120903968811
2019-09-18,POSITIVE,0.748120903968811
2019-09-19,POSITIVE,0.748120903968811
2019-09-20,POSITIVE,0.748120903968811
2019-09-23,POSITIVE,0.748120903968811
2019-09-24,POSITIVE,0.748120903968811
2019-09-25,POSITIVE,0.748120903968811
2019-09-26,POSITIVE,0.748120903968811
2019-09-27,POSITIVE,0.748120903968811
2019-09-28,POSITIVE,0.748120903968811
2019-09-30,POSITIVE,0.748120903968811
2019-10-01,POSITIVE,0.748120903968811
2019-10-02,POSITIVE,0.748120903968811
2019-10-03,POSITIVE,0.748120903968811
2019-10-04,POSITIVE,0.748120903968811
2019-10-05,POSITIVE,0.748120903968811
2019-10-06,POSITIVE,0.748120903968811
2019-10-07,POSITIVE,0.748120903968811
2019-10-08,POSITIVE,0.748120903968811
2019-10-09,POSITIVE,0.748120903968811
2019-10-10,POSITIVE,0.748120903968811
2019-10-11,POSITIVE,0.748120903968811
2019-10-12,POSITIVE,0.748120903968811
2019-10-13,POSITIVE,0.748120903968811
2019-10-14,POSITIVE,0.748120903968811
2019-10-15,POSITIVE,0.748120903968811
2019-10-16,POSITIVE,0.748120903968811
2019-10-17,POSITIVE,0.748120903968811
2019-10-18,POSITIVE,0.748120903968811
2019-10-21,POSITIVE,0.748120903968811
2019-10-22,POSITIVE,0.748120903968811
2019-10-23,POSITIVE,0.748120903968811
2019-10-24,POSITIVE,0.748120903968811
2019-10-25,POSITIVE,0.748120903968811
2019-10-26,POSITIVE,0.748120903968811
2019-10-28,POSITIVE,0.748120903968811
2019-10-29,POSITIVE,0.748120903968811
2019-10-30,POSITIVE,0.748120903968811
2019-10-31,POSITIVE,0.748120903968811
2019-11-01,POSITIVE,0.748120903968811
2019-11-03,POSITIVE,0.748120903968811
2019-11-04,POSITIVE,0.748120903968811
2019-11-05,POSITIVE,0.748120903968811
2019-11-06,POSITIVE,0.748120903968811
2019-11-07,POSITIVE,0.748120903968811
2019-11-09,POSITIVE,0.748120903968811
2019-11-10,POSITIVE,0.748120903968811
2019-11-11,POSITIVE,0.748120903968811
2019-11-12,POSITIVE,0.748120903968811
2019-11-13,POSITIVE,0.748120903968811
2019-11-14,POSITIVE,0.748120903968811
2019-11-15,POSITIVE,0.748120903968811
2019-11-16,POSITIVE,0.748120903968811
2019-11-17,POSITIVE,0.748120903968811
2019-11-18,POSITIVE,0.748120903968811
2019-11-19,POSITIVE,0.748120903968811
2019-11-20,POSITIVE,0.748120903968811
2019-11-21,POSITIVE,0.748120903968811
2019-11-22,POSITIVE,0.748120903968811
2019-11-23,POSITIVE,0.748120903968811
2019-11-24,POSITIVE,0.748120903968811
2019-11-25,POSITIVE,0.748120903968811
2019-11-26,POSITIVE,0.748120903968811
2019-11-27,POSITIVE,0.748120903968811
2019-11-28,POSITIVE,0.748120903968811
2019-11-29,POSITIVE,0.748120903968811
2019-12-02,POSITIVE,0.748120903968811
2019-12-03,POSITIVE,0.748120903968811
2019-12-04,POSITIVE,0.748120903968811
2019-12-05,POSITIVE,0.748120903968811
2019-12-06,POSITIVE,0.748120903968811
2019-12-08,POSITIVE,0.748120903968811
2019-12-09,POSITIVE,0.748120903968811
2019-12-10,POSITIVE,0.748120903968811
2019-12-11,POSITIVE,0.748120903968811
2019-12-12,POSITIVE,0.748120903968811
2019-12-13,POSITIVE,0.748120903968811
2019-12-15,POSITIVE,0.748120903968811
2019-12-16,POSITIVE,0.748120903968811
2019-12-17,POSITIVE,0.748120903968811
2019-12-18,POSITIVE,0.748120903968811
2019-12-19,POSITIVE,0.748120903968811
2019-12-20,POSITIVE,0.748120903968811
2019-12-21,POSITIVE,0.748120903968811
2019-12-22,POSITIVE,0.748120903968811
2019-12-23,POSITIVE,0.748120903968811
2019-12-24,POSITIVE,0.748120903968811
2019-12-26,POSITIVE,0.748120903968811
2019-12-27,POSITIVE,0.748120903968811
2019-12-28,POSITIVE,0.748120903968811
2019-12-30,POSITIVE,0.748120903968811
2019-12-31,POSITIVE,0.748120903968811
2020-01-02,POSITIVE,0.748120903968811
2020-01-03,POSITIVE,0.748120903968811
2020-01-04,POSITIVE,0.748120903968811
2020-01-06,POSITIVE,0.748120903968811
2020-01-07,POSITIVE,0.748120903968811
2020-01-08,POSITIVE,0.748120903968811
2020-01-09,POSITIVE,0.748120903968811
2020-01-10,POSITIVE,0.748120903968811
2020-01-11,POSITIVE,0.748120903968811
2020-01-12,POSITIVE,0.748120903968811
2020-01-13,POSITIVE,0.748120903968811
2020-01-14,POSITIVE,0.748120903968811
2020-01-15,POSITIVE,0.748120903968811
2020-01-16,POSITIVE,0.748120903968811
2020-01-17,POSITIVE,0.748120903968811
2020-01-18,POSITIVE,0.748120903968811
2020-01-19,POSITIVE,0.748120903968811
2020-01-21,POSITIVE,0.748120903968811
2020-01-22,POSITIVE,0.748120903968811
2020-01-23,POSITIVE,0.748120903968811
2020-01-24,POSITIVE,0.748120903968811
2020-01-25,POSITIVE,0.748120903968811
2020-01-26,POSITIVE,0.748120903968811
2020-01-27,POSITIVE,0.748120903968811
2020-01-28,POSITIVE,0.748120903968811
2020-01-29,POSITIVE,0.748120903968811
2020-01-30,POSITIVE,0.748120903968811
2020-01-31,POSITIVE,0.748120903968811
2020-02-01,POSITIVE,0.748120903968811
2020-02-02,POSITIVE,0.748120903968811
2020-02-03,POSITIVE,0.748120903968811
2020-02-04,POSITIVE,0.748120903968811
2020-02-05,POSITIVE,0.748120903968811
2020-02-06,POSITIVE,0.748120903968811
2020-02-07,POSITIVE,0.748120903968811
2020-02-09,POSITIVE,0.748120903968811
2020-02-10,POSITIVE,0.748120903968811
2020-02-11,POSITIVE,0.748120903968811
2020-02-12,POSITIVE,0.748120903968811
2020-02-13,POSITIVE,0.748120903968811
2020-02-14,POSITIVE,0.748120903968811
2020-02-17,POSITIVE,0.748120903968811
2020-02-18,POSITIVE,0.748120903968811
2020-02-19,POSITIVE,0.748120903968811
2020-02-20,POSITIVE,0.748120903968811
2020-02-21,POSITIVE,0.748120903968811
2020-02-24,POSITIVE,0.748120903968811
2020-02-25,POSITIVE,0.748120903968811
2020-02-26,POSITIVE,0.748120903968811
2020-02-27,POSITIVE,0.748120903968811
2020-02-28,POSITIVE,0.748120903968811
2020-03-01,POSITIVE,0.748120903968811
2020-03-02,POSITIVE,0.748120903968811
2020-03-03,POSITIVE,0.748120903968811
2020-03-04,POSITIVE,0.748120903968811
2020-03-05,POSITIVE,0.748120903968811
2020-03-06,POSITIVE,0.748120903968811
2020-03-07,POSITIVE,0.748120903968811
2020-03-09,POSITIVE,0.748120903968811
2020-03-10,POSITIVE,0.748120903968811
2020-03-11,POSITIVE,0.748120903968811
2020-03-12,POSITIVE,0.748120903968811
2020-03-13,POSITIVE,0.748120903968811
2020-03-14,POSITIVE,0.748120903968811
2020-03-15,POSITIVE,0.748120903968811
2020-03-16,POSITIVE,0.748120903968811
2020-03-17,POSITIVE,0.748120903968811
2020-03-18,POSITIVE,0.748120903968811
2020-03-19,POSITIVE,0.748120903968811
2020-03-20,POSITIVE,0.748120903968811
2020-03-21,POSITIVE,0.748120903968811
2020-03-23,POSITIVE,0.748120903968811
2020-03-24,POSITIVE,0.748120903968811
2020-03-25,POSITIVE,0.748120903968811
2020-03-26,POSITIVE,0.748120903968811
2020-03-27,POSITIVE,0.748120903968811
2020-03-28,POSITIVE,0.748120903968811
2020-03-29,POSITIVE,0.748120903968811
2020-03-30,POSITIVE,0.748120903968811
2020-03-31,POSITIVE,0.748120903968811
2020-04-01,POSITIVE,0.748120903968811
2020-04-02,POSITIVE,0.748120903968811
2020-04-03,POSITIVE,0.748120903968811
2020-04-04,POSITIVE,0.748120903968811
2020-04-06,POSITIVE,0.748120903968811
2020-04-07,POSITIVE,0.748120903968811
2020-04-08,POSITIVE,0.748120903968811
2020-04-09,POSITIVE,0.748120903968811
2020-04-11,POSITIVE,0.748120903968811
2020-04-13,POSITIVE,0.748120903968811
2020-04-14,POSITIVE,0.748120903968811
2020-04-15,POSITIVE,0.748120903968811
2020-04-16,POSITIVE,0.9986903071403503
2020-04-17,NEGATIVE,0.9971370697021484
2020-04-18,NEGATIVE,0.9911462664604187
2020-04-19,NEGATIVE,0.9446146488189697
2020-04-20,POSITIVE,0.9992438554763794
2020-04-21,POSITIVE,0.748120903968811
2020-04-22,NEGATIVE,0.9985678195953369
2020-04-23,POSITIVE,0.7663828730583191
2020-04-24,NEGATIVE,0.9971242547035217
2020-04-25,NEGATIVE,0.8685927391052246
2020-04-27,POSITIVE,0.9990289211273193
2020-04-29,POSITIVE,0.748120903968811
2020-04-30,POSITIVE,0.748120903968811
2020-05-01,POSITIVE,0.748120903968811
2020-05-02,POSITIVE,0.8814407587051392
2020-05-04,POSITIVE,0.748120903968811
2020-05-05,POSITIVE,0.9760594367980957
2020-05-06,POSITIVE,0.9884811639785767
2020-05-08,POSITIVE,0.748120903968811
2020-05-09,POSITIVE,0.9717581272125244
2020-05-11,NEGATIVE,0.6173933148384094
2020-05-12,POSITIVE,0.748120903968811
2020-05-13,POSITIVE,0.9892351031303406
2020-05-14,POSITIVE,0.748120903968811
2020-05-15,POSITIVE,0.748120903968811
2020-05-16,POSITIVE,0.748120903968811
2020-05-17,POSITIVE,0.9939792156219482
2020-05-18,POSITIVE,0.9859045147895813
2020-05-19,NEGATIVE,0.9963755011558533
2020-05-20,POSITIVE,0.748120903968811
2020-05-21,POSITIVE,0.748120903968811
2020-05-22,POSITIVE,0.9893352389335632
2020-05-25,POSITIVE,0.748120903968811
2020-05-26,POSITIVE,0.9978391528129578
2020-05-27,POSITIVE,0.748120903968811
2020-05-28,NEGATIVE,0.9727637767791748
2020-05-31,POSITIVE,0.748120903968811
2020-06-01,NEGATIVE,0.9938586354255676
2020-06-02,POSITIVE,0.748120903968811
2020-06-03,NEGATIVE,0.987276017665863
2020-06-04,NEGATIVE,0.9852336049079895
2020-06-05,POSITIVE,0.9985894560813904
2020-06-06,POSITIVE,0.748120903968811
2020-06-07,POSITIVE,0.748120903968811
2020-06-08,NEGATIVE,0.719639778137207
2020-06-09,NEGATIVE,0.9557079672813416
2020-06-10,POSITIVE,0.9977818131446838
2020-06-11,NEGATIVE,0.9994304776191711
2020-06-12,POSITIVE,0.9813278317451477
2020-06-13,NEGATIVE,0.9676806926727295
2020-06-14,NEGATIVE,0.9987642765045166
2020-06-15,NEGATIVE,0.8759626150131226
2020-06-16,POSITIVE,0.748120903968811
2020-06-17,POSITIVE,0.748120903968811
2020-06-18,NEGATIVE,0.9996143579483032
2020-06-19,POSITIVE,0.748120903968811
2020-06-20,NEGATIVE,0.9305452108383179
2020-06-21,POSITIVE,0.7517815232276917
2020-06-22,NEGATIVE,0.980953574180603
2020-06-23,POSITIVE,0.9628239870071411
2020-06-24,POSITIVE,0.9901286959648132
2020-06-25,POSITIVE,0.748120903968811
2020-06-26,POSITIVE,0.9960117340087891
2020-06-27,NEGATIVE,0.9215306639671326
2020-06-29,POSITIVE,0.748120903968811
2020-06-30,POSITIVE,0.9942266941070557
2020-07-01,POSITIVE,0.748120903968811
2020-07-02,POSITIVE,0.8692271709442139
2020-07-04,NEGATIVE,0.8622580170631409
2020-07-06,NEGATIVE,0.993614673614502
2020-07-07,POSITIVE,0.8549302220344543
2020-07-08,POSITIVE,0.9858126640319824
2020-07-09,POSITIVE,0.748120903968811
2020-07-10,POSITIVE,0.748120903968811
2020-07-12,POSITIVE,0.9993183612823486
2020-07-13,NEGATIVE,0.975269615650177
2020-07-14,POSITIVE,0.748120903968811
2020-07-15,POSITIVE,0.748120903968811
2020-07-16,NEGATIVE,0.9970899820327759
2020-07-17,POSITIVE,0.8987331390380859
2020-07-20,POSITIVE,0.748120903968811
2020-07-21,POSITIVE,0.748120903968811
2020-07-22,POSITIVE,0.748120903968811
2020-07-23,NEGATIVE,0.9878183603286743
2020-07-24,POSITIVE,0.9979903697967529
2020-07-25,NEGATIVE,0.7259992957115173
2020-07-27,POSITIVE,0.748120903968811
2020-07-28,NEGATIVE,0.996971607208252
2020-07-29,POSITIVE,0.9711177945137024
2020-07-30,NEGATIVE,0.985977292060852
2020-07-31,POSITIVE,0.9888337254524231
2020-08-01,POSITIVE,0.9131666421890259
2020-08-03,POSITIVE,0.9961121678352356
2020-08-04,POSITIVE,0.748120903968811
2020-08-05,POSITIVE,0.999711811542511
2020-08-06,POSITIVE,0.822711706161499
2020-08-07,POSITIVE,0.748120903968811
2020-08-08,POSITIVE,0.9161054491996765
2020-08-09,NEGATIVE,0.962074339389801
2020-08-10,POSITIVE,0.748120903968811
2020-08-11,POSITIVE,0.748120903968811
2020-08-12,NEGATIVE,0.9929919242858887
2020-08-13,POSITIVE,0.748120903968811
2020-08-14,POSITIVE,0.748120903968811
2020-08-15,POSITIVE,0.8935177326202393
2020-08-16,NEGATIVE,0.9854182004928589
2020-08-17,POSITIVE,0.9964802861213684
2020-08-18,POSITIVE,0.9718586802482605
2020-08-19,POSITIVE,0.748120903968811
2020-08-20,POSITIVE,0.748120903968811
2020-08-21,NEGATIVE,0.6364246606826782
2020-08-22,POSITIVE,0.8535683155059814
2020-08-24,POSITIVE,0.7382505536079407
2020-08-25,POSITIVE,0.9591865539550781
2020-08-26,POSITIVE,0.9964287877082825
2020-08-27,NEGATIVE,0.9952266216278076
2020-08-28,POSITIVE,0.9955234527587891
2020-08-29,POSITIVE,0.6526839137077332
2020-08-30,POSITIVE,0.9991642236709595
2020-08-31,NEGATIVE,0.6228591203689575
2020-09-01,NEGATIVE,0.9823465347290039
2020-09-02,POSITIVE,0.9971317052841187
2020-09-03,NEGATIVE,0.9985289573669434
2020-09-04,POSITIVE,0.5151245594024658
2020-09-06,POSITIVE,0.6378613114356995
2020-09-07,POSITIVE,0.9953049421310425
2020-09-08,POSITIVE,0.9894950985908508
2020-09-09,POSITIVE,0.748120903968811
2020-09-10,NEGATIVE,0.9818001985549927
2020-09-11,POSITIVE,0.748120903968811
2020-09-12,NEGATIVE,0.9887528419494629
2020-09-13,NEGATIVE,0.8516954183578491
2020-09-14,NEGATIVE,0.9996145963668823
2020-09-15,POSITIVE,0.748120903968811
2020-09-16,POSITIVE,0.748120903968811
2020-09-17,NEGATIVE,0.7284523248672485
2020-09-18,NEGATIVE,0.9817256331443787
2020-09-20,NEGATIVE,0.9994357228279114
2020-09-21,POSITIVE,0.9991114735603333
2020-09-22,POSITIVE,0.748120903968811
2020-09-23,POSITIVE,0.986297607421875
2020-09-24,NEGATIVE,0.7715290188789368
2020-09-25,POSITIVE,0.748120903968811
2020-09-26,NEGATIVE,0.7040040493011475
2020-09-28,NEGATIVE,0.5146886706352234
2020-09-29,NEGATIVE,0.9877167344093323
2020-09-30,NEGATIVE,0.9896968603134155
2020-10-01,POSITIVE,0.748120903968811
2020-10-02,POSITIVE,0.9916308522224426
2020-10-05,NEGATIVE,0.9988487958908081
2020-10-06,POSITIVE,0.748120903968811
2020-10-07,NEGATIVE,0.9960384368896484
2020-10-08,NEGATIVE,0.9950172305107117
2020-10-09,POSITIVE,0.9997158646583557
2020-10-10,POSITIVE,0.748120903968811
2020-10-12,NEGATIVE,0.8877769708633423
2020-10-13,NEGATIVE,0.9802470207214355
2020-10-14,NEGATIVE,0.818594753742218
2020-10-15,NEGATIVE,0.9997780919075012
2020-10-16,NEGATIVE,0.7822421193122864
2020-10-17,POSITIVE,0.9786478281021118
2020-10-18,POSITIVE,0.9947311878204346
2020-10-19,POSITIVE,0.9942166805267334
2020-10-20,POSITIVE,0.8553179502487183
2020-10-21,NEGATIVE,0.9972434043884277
2020-10-22,POSITIVE,0.748120903968811
2020-10-23,NEGATIVE,0.9907963275909424
2020-10-25,POSITIVE,0.748120903968811
2020-10-26,NEGATIVE,0.9953789710998535
2020-10-27,POSITIVE,0.9492861032485962
2020-10-28,POSITIVE,0.9971797466278076
2020-10-29,NEGATIVE,0.7880821228027344
2020-10-30,POSITIVE,0.7692510485649109
2020-10-31,POSITIVE,0.748120903968811
2020-11-01,POSITIVE,0.9990476965904236
2020-11-02,POSITIVE,0.9563881754875183
2020-11-03,NEGATIVE,0.9995457530021667
2020-11-04,POSITIVE,0.9992651343345642
2020-11-05,NEGATIVE,0.924612820148468
2020-11-06,POSITIVE,0.9908734560012817
2020-11-07,NEGATIVE,0.5720844864845276
2020-11-08,POSITIVE,0.8824611902236938
2020-11-09,POSITIVE,0.9470076560974121
2020-11-10,POSITIVE,0.9985894560813904
2020-11-11,POSITIVE,0.650136411190033
2020-11-12,NEGATIVE,0.9564557075500488
2020-11-13,NEGATIVE,0.9982426166534424
2020-11-14,POSITIVE,0.7207684516906738
2020-11-15,POSITIVE,0.748120903968811
2020-11-16,NEGATIVE,0.9480100274085999
2020-11-17,NEGATIVE,0.979442298412323
2020-11-18,NEGATIVE,0.7385303378105164
2020-11-19,POSITIVE,0.748120903968811
2020-11-20,POSITIVE,0.9393302202224731
2020-11-21,NEGATIVE,0.995758593082428
2020-11-23,POSITIVE,0.748120903968811
2020-11-24,POSITIVE,0.9798051714897156
2020-11-25,NEGATIVE,0.9564557075500488
2020-11-27,NEGATIVE,0.9564557075500488
2020-11-28,NEGATIVE,0.9738821387290955
2020-11-30,NEGATIVE,0.9789738655090332
2020-12-01,NEGATIVE,0.979442298412323
2020-12-02,NEGATIVE,0.9922488927841187
2020-12-03,NEGATIVE,0.9480100274085999
2020-12-04,NEGATIVE,0.9564557075500488
2020-12-05,NEGATIVE,0.5418722033500671
2020-12-06,NEGATIVE,0.9847970008850098
2020-12-07,POSITIVE,0.974665641784668
2020-12-08,POSITIVE,0.748120903968811
2020-12-09,POSITIVE,0.748120903968811
2020-12-10,NEGATIVE,0.979442298412323
2020-12-11,NEGATIVE,0.9639058113098145
2020-12-12,POSITIVE,0.9744835495948792
2020-12-13,POSITIVE,0.9929890632629395
2020-12-14,POSITIVE,0.748120903968811
2020-12-15,NEGATIVE,0.9564557075500488
2020-12-16,NEGATIVE,0.979442298412323
2020-12-17,POSITIVE,0.9982733726501465
2020-12-18,POSITIVE,0.748120903968811
2020-12-19,NEGATIVE,0.99836665391922
2020-12-20,POSITIVE,0.9784245491027832
2020-12-21,POSITIVE,0.9968065023422241
2020-12-22,NEGATIVE,0.9842343926429749
2020-12-23,POSITIVE,0.9845471978187561
2020-12-24,POSITIVE,0.571625828742981
2020-12-26,NEGATIVE,0.9970132112503052
2020-12-27,POSITIVE,0.981778621673584
2020-12-28,POSITIVE,0.9977871179580688
2020-12-29,POSITIVE,0.9995607733726501
2020-12-30,POSITIVE,0.7646233439445496
2020-12-31,NEGATIVE,0.9970834851264954
2021-01-02,NEGATIVE,0.9618175625801086
2021-01-03,POSITIVE,0.8825888633728027
2021-01-04,NEGATIVE,0.9564557075500488
2021-01-05,NEGATIVE,0.549748957157135
2021-01-06,POSITIVE,0.748120903968811
2021-01-07,NEGATIVE,0.9929671287536621
2021-01-08,NEGATIVE,0.9415953755378723
2021-01-09,NEGATIVE,0.993391752243042
2021-01-10,POSITIVE,0.9992432594299316
2021-01-11,NEGATIVE,0.979442298412323
2021-01-12,POSITIVE,0.748120903968811
2021-01-13,POSITIVE,0.7454392910003662
2021-01-14,NEGATIVE,0.9738714098930359
2021-01-15,POSITIVE,0.748120903968811
2021-01-16,NEGATIVE,0.9379917979240417
2021-01-17,NEGATIVE,0.5231888294219971
2021-01-19,POSITIVE,0.9977758526802063
2021-01-20,NEGATIVE,0.979442298412323
2021-01-21,POSITIVE,0.748120903968811
2021-01-22,POSITIVE,0.9617170691490173
2021-01-24,NEGATIVE,0.9971790313720703
2021-01-25,NEGATIVE,0.9690034985542297
2021-01-26,NEGATIVE,0.9807043671607971
2021-01-27,POSITIVE,0.9992030262947083
2021-01-28,NEGATIVE,0.9815636873245239
2021-01-29,POSITIVE,0.748120903968811
2021-01-30,NEGATIVE,0.9490553140640259
2021-01-31,NEGATIVE,0.9531364440917969
2021-02-01,POSITIVE,0.748120903968811
2021-02-02,POSITIVE,0.748120903968811
2021-02-03,POSITIVE,0.748120903968811
2021-02-04,NEGATIVE,0.9992762207984924
2021-02-05,POSITIVE,0.748120903968811
2021-02-06,POSITIVE,0.9995642304420471
2021-02-07,POSITIVE,0.748120903968811
2021-02-08,POSITIVE,0.7676075100898743
2021-02-09,NEGATIVE,0.992547333240509
2021-02-10,POSITIVE,0.748120903968811
2021-02-11,POSITIVE,0.9960983991622925
2021-02-12,POSITIVE,0.9986979961395264
2021-02-14,POSITIVE,0.680952250957489
2021-02-15,POSITIVE,0.9981970191001892
2021-02-16,NEGATIVE,0.9897026419639587
2021-02-17,POSITIVE,0.9258602857589722
2021-02-18,POSITIVE,0.748120903968811
2021-02-19,NEGATIVE,0.9956839084625244
2021-02-21,NEGATIVE,0.997894823551178
2021-02-22,POSITIVE,0.748120903968811
2021-02-23,POSITIVE,0.748120903968811
2021-02-24,NEGATIVE,0.9829009175300598
2021-02-25,POSITIVE,0.9820491671562195
2021-02-26,NEGATIVE,0.979442298412323
2021-02-27,POSITIVE,0.9911484718322754
2021-02-28,NEGATIVE,0.997477114200592
2021-03-01,POSITIVE,0.8409403562545776
2021-03-02,NEGATIVE,0.979442298412323
2021-03-03,NEGATIVE,0.9834396243095398
2021-03-04,NEGATIVE,0.9564557075500488
2021-03-05,POSITIVE,0.748120903968811
2021-03-08,POSITIVE,0.9904152154922485
2021-03-09,NEGATIVE,0.9984230995178223
2021-03-10,NEGATIVE,0.7933347225189209
2021-03-11,NEGATIVE,0.9908875226974487
2021-03-12,NEGATIVE,0.9934357404708862
2021-03-13,NEGATIVE,0.8268154263496399
2021-03-14,NEGATIVE,0.9975185394287109
2021-03-15,POSITIVE,0.748120903968811
2021-03-16,NEGATIVE,0.9983522891998291
2021-03-17,POSITIVE,0.748120903968811
2021-03-18,NEGATIVE,0.9788970351219177
2021-03-19,NEGATIVE,0.7357692122459412
2021-03-20,NEGATIVE,0.9991247057914734
2021-03-21,NEGATIVE,0.9973142743110657
2021-03-22,NEGATIVE,0.9977134466171265
2021-03-23,NEGATIVE,0.998759388923645
2021-03-24,NEGATIVE,0.9978378415107727
2021-03-25,NEGATIVE,0.9352825284004211
2021-03-26,NEGATIVE,0.9749967455863953
2021-03-27,NEGATIVE,0.7584500312805176
2021-03-28,POSITIVE,0.9915792942047119
2021-03-29,POSITIVE,0.748120903968811
2021-03-30,POSITIVE,0.6197827458381653
2021-03-31,NEGATIVE,0.9995679259300232
2021-04-01,POSITIVE,0.748120903968811
2021-04-03,NEGATIVE,0.903266191482544
2021-04-04,NEGATIVE,0.9966301321983337
2021-04-05,NEGATIVE,0.9734159708023071
2021-04-06,POSITIVE,0.9922715425491333
2021-04-07,NEGATIVE,0.9941503405570984
2021-04-08,POSITIVE,0.9041169881820679
2021-04-09,NEGATIVE,0.8496738076210022
2021-04-10,NEGATIVE,0.8838353157043457
2021-04-11,NEGATIVE,0.9543134570121765
2021-04-12,NEGATIVE,0.62063068151474
2021-04-13,NEGATIVE,0.9830740094184875
2021-04-14,NEGATIVE,0.9944559931755066
2021-04-15,POSITIVE,0.9178486466407776
2021-04-16,POSITIVE,0.748120903968811
2021-04-19,POSITIVE,0.970930814743042
2021-04-20,POSITIVE,0.9628239870071411
2021-04-21,NEGATIVE,0.507779598236084
2021-04-22,NEGATIVE,0.8896098136901855
2021-04-23,POSITIVE,0.9932097792625427
2021-04-24,NEGATIVE,0.6882738471031189
2021-04-25,NEGATIVE,0.5152482390403748
2021-04-26,POSITIVE,0.9959685802459717
2021-04-27,POSITIVE,0.748120903968811
2021-04-28,NEGATIVE,0.9446322321891785
2021-04-29,NEGATIVE,0.9961112141609192
2021-04-30,NEGATIVE,0.9990260601043701
2021-05-01,NEGATIVE,0.976166307926178
2021-05-02,POSITIVE,0.991144061088562
2021-05-03,NEGATIVE,0.9445153474807739
2021-05-04,NEGATIVE,0.9990487694740295
2021-05-05,POSITIVE,0.9980878233909607
2021-05-06,POSITIVE,0.748120903968811
2021-05-07,NEGATIVE,0.9987092018127441
2021-05-08,NEGATIVE,0.9518148303031921
2021-05-10,NEGATIVE,0.9911646246910095
2021-05-11,NEGATIVE,0.9974219799041748
2021-05-12,NEGATIVE,0.9562161564826965
2021-05-13,POSITIVE,0.5945665836334229
2021-05-14,POSITIVE,0.748120903968811
2021-05-15,POSITIVE,0.6849145889282227
2021-05-17,NEGATIVE,0.9970194697380066
2021-05-18,NEGATIVE,0.950982928276062
2021-05-19,POSITIVE,0.748120903968811
2021-05-20,POSITIVE,0.9869431257247925
2021-05-21,NEGATIVE,0.9935286641120911
2021-05-22,NEGATIVE,0.6364856958389282
2021-05-23,NEGATIVE,0.998284637928009
2021-05-24,POSITIVE,0.9718529582023621
2021-05-25,NEGATIVE,0.9564557075500488
2021-05-26,POSITIVE,0.514128565788269
2021-05-27,POSITIVE,0.9995848536491394
2021-05-28,POSITIVE,0.748120903968811
2021-05-29,NEGATIVE,0.8591048121452332
2021-05-30,NEGATIVE,0.982454240322113
2021-06-01,POSITIVE,0.748120903968811
2021-06-02,POSITIVE,0.9948881268501282
2021-06-03,POSITIVE,0.748120903968811
2021-06-04,POSITIVE,0.9916975498199463
2021-06-05,NEGATIVE,0.8466305732727051
2021-06-06,POSITIVE,0.9988372921943665
2021-06-07,POSITIVE,0.9944431185722351
2021-06-08,POSITIVE,0.9752185940742493
2021-06-09,NEGATIVE,0.9970858693122864
2021-06-10,NEGATIVE,0.9970744848251343
2021-06-11,POSITIVE,0.748120903968811
2021-06-12,POSITIVE,0.7391037940979004
2021-06-13,POSITIVE,0.9910995364189148
2021-06-14,NEGATIVE,0.9995962977409363
2021-06-15,POSITIVE,0.748120903968811
2021-06-16,POSITIVE,0.748120903968811
2021-06-17,NEGATIVE,0.9688321352005005
2021-06-18,NEGATIVE,0.8510949611663818
2021-06-20,POSITIVE,0.9951825737953186
2021-06-21,NEGATIVE,0.9938144683837891
2021-06-22,POSITIVE,0.9986332058906555
2021-06-23,POSITIVE,0.6818797588348389
2021-06-24,POSITIVE,0.9628239870071411
2021-06-25,NEGATIVE,0.9474003911018372
2021-06-28,POSITIVE,0.999624490737915
2021-06-29,NEGATIVE,0.9931765198707581
2021-06-30,POSITIVE,0.9824103116989136
2021-07-01,NEGATIVE,0.9992133378982544
2021-07-02,NEGATIVE,0.8592321872711182
2021-07-04,POSITIVE,0.8835739493370056
2021-07-05,POSITIVE,0.9911602139472961
2021-07-06,POSITIVE,0.9151510000228882
2021-07-07,POSITIVE,0.9928092956542969
2021-07-08,NEGATIVE,0.9931702613830566
2021-07-09,NEGATIVE,0.9096794128417969
2021-07-10,NEGATIVE,0.9310658574104309
2021-07-11,POSITIVE,0.8897214531898499
2021-07-12,POSITIVE,0.9504333138465881
2021-07-13,NEGATIVE,0.9900394082069397
2021-07-14,POSITIVE,0.9985658526420593
2021-07-15,NEGATIVE,0.8496736884117126
2021-07-16,NEGATIVE,0.992572546005249
2021-07-17,NEGATIVE,0.7447180151939392
2021-07-18,NEGATIVE,0.9588844776153564
2021-07-19,NEGATIVE,0.9346539378166199
2021-07-20,POSITIVE,0.9738760590553284
2021-07-21,POSITIVE,0.9988459348678589
2021-07-22,NEGATIVE,0.9967767596244812
2021-07-23,NEGATIVE,0.9912001490592957
2021-07-24,POSITIVE,0.9990593791007996
2021-07-25,NEGATIVE,0.67039954662323
2021-07-26,POSITIVE,0.9995455145835876
2021-07-27,POSITIVE,0.9804785847663879
2021-07-28,NEGATIVE,0.9782583117485046
2021-07-29,NEGATIVE,0.9992893934249878
2021-07-30,NEGATIVE,0.9968852400779724
2021-07-31,NEGATIVE,0.818347156047821
2021-08-01,NEGATIVE,0.732611358165741
2021-08-02,POSITIVE,0.9973662495613098
2021-08-03,POSITIVE,0.9437440633773804
2021-08-04,POSITIVE,0.9995700716972351
2021-08-05,POSITIVE,0.748120903968811
2021-08-06,NEGATIVE,0.9826797246932983
2021-08-07,POSITIVE,0.9981278777122498
2021-08-08,NEGATIVE,0.9977461695671082
2021-08-09,NEGATIVE,0.9887248873710632
2021-08-10,NEGATIVE,0.9887280464172363
2021-08-11,NEGATIVE,0.9927927255630493
2021-08-12,POSITIVE,0.9477148652076721
2021-08-13,POSITIVE,0.748120903968811
2021-08-14,NEGATIVE,0.995875895023346
2021-08-15,POSITIVE,0.9744069576263428
2021-08-16,POSITIVE,0.8529194593429565
2021-08-17,NEGATIVE,0.9902323484420776
2021-08-18,NEGATIVE,0.9833194613456726
2021-08-19,NEGATIVE,0.9564557075500488
2021-08-20,POSITIVE,0.748120903968811
2021-08-21,POSITIVE,0.9995784163475037
2021-08-23,NEGATIVE,0.979442298412323
2021-08-24,NEGATIVE,0.91664057970047
2021-08-25,NEGATIVE,0.9972448348999023
2021-08-26,POSITIVE,0.748120903968811
2021-08-27,POSITIVE,0.9976946711540222
2021-08-28,POSITIVE,0.9964073300361633
2021-08-29,NEGATIVE,0.8174118995666504
2021-08-30,NEGATIVE,0.9897217154502869
2021-08-31,POSITIVE,0.748120903968811
2021-09-01,POSITIVE,0.748120903968811
2021-09-02,POSITIVE,0.748120903968811
2021-09-03,NEGATIVE,0.979442298412323
2021-09-04,POSITIVE,0.985895574092865
2021-09-05,POSITIVE,0.9963316321372986
2021-09-06,POSITIVE,0.9967472553253174
2021-09-07,POSITIVE,0.8832486271858215
2021-09-08,NEGATIVE,0.9985564351081848
2021-09-09,POSITIVE,0.748120903968811
2021-09-10,NEGATIVE,0.9851617813110352
2021-09-11,NEGATIVE,0.9964243769645691
2021-09-12,NEGATIVE,0.9698600769042969
2021-09-13,POSITIVE,0.9971320629119873
2021-09-14,NEGATIVE,0.998439371585846
2021-09-15,NEGATIVE,0.9994754195213318
2021-09-16,POSITIVE,0.748120903968811
2021-09-17,NEGATIVE,0.9751821160316467
2021-09-18,NEGATIVE,0.9995291233062744
2021-09-19,POSITIVE,0.9974122643470764
2021-09-20,NEGATIVE,0.9943593144416809
2021-09-21,POSITIVE,0.9963853359222412
2021-09-22,NEGATIVE,0.993649423122406
2021-09-23,NEGATIVE,0.9985305070877075
2021-09-24,POSITIVE,0.748120903968811
2021-09-25,POSITIVE,0.9516525864601135
2021-09-26,NEGATIVE,0.7860817313194275
2021-09-27,NEGATIVE,0.9968138337135315
2021-09-28,NEGATIVE,0.9989880919456482
2021-09-29,POSITIVE,0.748120903968811
2021-09-30,NEGATIVE,0.9987719655036926
2021-10-01,NEGATIVE,0.9613676071166992
2021-10-02,NEGATIVE,0.9532994627952576
2021-10-03,NEGATIVE,0.9556745290756226
2021-10-04,NEGATIVE,0.9665733575820923
2021-10-05,NEGATIVE,0.9834328889846802
2021-10-06,POSITIVE,0.748120903968811
2021-10-07,NEGATIVE,0.9909694790840149
2021-10-08,NEGATIVE,0.6133567690849304
2021-10-09,POSITIVE,0.8705843091011047
2021-10-10,NEGATIVE,0.997613787651062
2021-10-11,NEGATIVE,0.9992119073867798
2021-10-12,NEGATIVE,0.9991111159324646
2021-10-13,NEGATIVE,0.9995392560958862
2021-10-14,POSITIVE,0.9385194778442383
2021-10-15,POSITIVE,0.748120903968811
2021-10-16,POSITIVE,0.998761773109436
2021-10-17,POSITIVE,0.748120903968811
2021-10-18,POSITIVE,0.748120903968811
2021-10-19,POSITIVE,0.748120903968811
2021-10-20,POSITIVE,0.738606333732605
2021-10-21,POSITIVE,0.9390730261802673
2021-10-22,POSITIVE,0.748120903968811
2021-10-23,NEGATIVE,0.9875285625457764
2021-10-25,NEGATIVE,0.9933751225471497
2021-10-26,NEGATIVE,0.8887841701507568
2021-10-27,NEGATIVE,0.9853684306144714
2021-10-28,NEGATIVE,0.9994127750396729
2021-10-29,NEGATIVE,0.9172896146774292
2021-10-30,NEGATIVE,0.5513682961463928
2021-10-31,NEGATIVE,0.9945532083511353
2021-11-01,NEGATIVE,0.8650054931640625
2021-11-02,NEGATIVE,0.9295268654823303
2021-11-03,NEGATIVE,0.9753440022468567
2021-11-04,NEGATIVE,0.9962334036827087
2021-11-05,POSITIVE,0.9808067679405212
2021-11-06,POSITIVE,0.9982500672340393
2021-11-07,NEGATIVE,0.9994555115699768
2021-11-08,NEGATIVE,0.9953030347824097
2021-11-09,POSITIVE,0.748120903968811
2021-11-10,POSITIVE,0.9943154454231262
2021-11-11,NEGATIVE,0.9158704876899719
2021-11-12,POSITIVE,0.748120903968811
2021-11-13,NEGATIVE,0.9937989115715027
2021-11-14,NEGATIVE,0.9992064833641052
2021-11-15,POSITIVE,0.748120903968811
2021-11-16,POSITIVE,0.603482723236084
2021-11-17,POSITIVE,0.748120903968811
2021-11-18,POSITIVE,0.748120903968811
2021-11-19,POSITIVE,0.748120903968811
2021-11-20,NEGATIVE,0.9699065089225769
2021-11-21,POSITIVE,0.9668643474578857
2021-11-22,POSITIVE,0.7995925545692444
2021-11-23,POSITIVE,0.9900612831115723
2021-11-24,POSITIVE,0.748120903968811
2021-11-25,NEGATIVE,0.9938756823539734
2021-11-26,POSITIVE,0.748120903968811
2021-11-27,POSITIVE,0.9695521593093872
2021-11-29,POSITIVE,0.9893255233764648
2021-11-30,POSITIVE,0.9989868998527527
2021-12-01,POSITIVE,0.9960103034973145
2021-12-02,POSITIVE,0.8797592520713806
2021-12-03,NEGATIVE,0.9978052973747253
2021-12-05,POSITIVE,0.9126899242401123
2021-12-06,NEGATIVE,0.9645693898200989
2021-12-07,POSITIVE,0.8514514565467834
2021-12-08,POSITIVE,0.9943637847900391
2021-12-09,POSITIVE,0.748120903968811
2021-12-10,POSITIVE,0.748120903968811
2021-12-11,NEGATIVE,0.6816474795341492
2021-12-12,POSITIVE,0.686514675617218
2021-12-13,POSITIVE,0.748120903968811
2021-12-14,POSITIVE,0.9996557235717773
2021-12-15,POSITIVE,0.999539852142334
2021-12-16,NEGATIVE,0.9973931312561035
2021-12-17,POSITIVE,0.9623076319694519
2021-12-20,NEGATIVE,0.9863054752349854
2021-12-21,NEGATIVE,0.9988260865211487
2021-12-22,POSITIVE,0.748120903968811
2021-12-23,POSITIVE,0.748120903968811
2021-12-26,NEGATIVE,0.9979091286659241
2021-12-27,POSITIVE,0.748120903968811
2021-12-28,POSITIVE,0.9959490299224854
2021-12-29,NEGATIVE,0.9557747840881348
2021-12-30,POSITIVE,0.748120903968811
2021-12-31,POSITIVE,0.748120903968811
2022-01-01,POSITIVE,0.9930859804153442
2022-01-02,POSITIVE,0.9985074400901794
2022-01-03,POSITIVE,0.9824371933937073
2022-01-04,POSITIVE,0.748120903968811
2022-01-05,POSITIVE,0.8984651565551758
2022-01-06,POSITIVE,0.748120903968811
2022-01-07,POSITIVE,0.9987289309501648
2022-01-08,POSITIVE,0.9912970066070557
2022-01-09,NEGATIVE,0.995945155620575
2022-01-10,POSITIVE,0.748120903968811
2022-01-11,NEGATIVE,0.7536786198616028
2022-01-12,POSITIVE,0.748120903968811
2022-01-13,NEGATIVE,0.9953323006629944
2022-01-14,NEGATIVE,0.9934553503990173
2022-01-15,NEGATIVE,0.9993435740470886
2022-01-16,NEGATIVE,0.9965117573738098
2022-01-17,NEGATIVE,0.9962043166160583
2022-01-18,POSITIVE,0.9980267882347107
2022-01-19,NEGATIVE,0.9630861878395081
2022-01-20,POSITIVE,0.9998281002044678
2022-01-21,NEGATIVE,0.9990941286087036
2022-01-22,NEGATIVE,0.9974339604377747
2022-01-23,NEGATIVE,0.9994316697120667
2022-01-24,POSITIVE,0.748120903968811
2022-01-25,POSITIVE,0.748120903968811
2022-01-26,NEGATIVE,0.932167112827301
2022-01-27,POSITIVE,0.748120903968811
2022-01-28,NEGATIVE,0.9943021535873413
2022-01-29,POSITIVE,0.9404216408729553
2022-01-30,POSITIVE,0.9918348789215088
2022-01-31,NEGATIVE,0.9835363626480103
2022-02-01,POSITIVE,0.748120903968811
2022-02-02,NEGATIVE,0.9747800230979919
2022-02-03,NEGATIVE,0.9984531402587891
2022-02-04,POSITIVE,0.748120903968811
2022-02-05,POSITIVE,0.9470930695533752
2022-02-06,NEGATIVE,0.9940656423568726
2022-02-07,NEGATIVE,0.9997417330741882
2022-02-08,NEGATIVE,0.9919467568397522
2022-02-09,NEGATIVE,0.9822465181350708
2022-02-10,POSITIVE,0.9994592070579529
2022-02-11,POSITIVE,0.5938361287117004
2022-02-12,POSITIVE,0.9470930695533752
2022-02-13,NEGATIVE,0.9987468719482422
2022-02-14,NEGATIVE,0.8924291133880615
2022-02-15,POSITIVE,0.985895574092865
2022-02-16,POSITIVE,0.9870426654815674
2022-02-17,NEGATIVE,0.9835003614425659
2022-02-18,POSITIVE,0.9912661910057068
2022-02-19,POSITIVE,0.9744835495948792
2022-02-20,NEGATIVE,0.8524300456047058
2022-02-21,NEGATIVE,0.9381016492843628
2022-02-22,POSITIVE,0.9839200377464294
2022-02-23,NEGATIVE,0.9166027307510376
2022-02-24,NEGATIVE,0.9589880704879761
2022-02-25,NEGATIVE,0.995756208896637
2022-02-26,POSITIVE,0.9997512698173523
2022-02-27,NEGATIVE,0.9613928198814392
2022-02-28,NEGATIVE,0.9995049238204956
2022-03-01,POSITIVE,0.9996015429496765
2022-03-02,NEGATIVE,0.9485960006713867
2022-03-03,NEGATIVE,0.9988271594047546
2022-03-04,NEGATIVE,0.9967303276062012
2022-03-05,POSITIVE,0.9744835495948792
2022-03-06,POSITIVE,0.9954107403755188
2022-03-07,NEGATIVE,0.9848784804344177
2022-03-08,NEGATIVE,0.9705700874328613
2022-03-09,NEGATIVE,0.9989142417907715
2022-03-10,POSITIVE,0.9956142902374268
2022-03-11,POSITIVE,0.9230799078941345
2022-03-12,POSITIVE,0.9742410182952881
2022-03-13,NEGATIVE,0.999206006526947
2022-03-14,NEGATIVE,0.9981281161308289
2022-03-15,NEGATIVE,0.9919512271881104
2022-03-16,NEGATIVE,0.9994912147521973
2022-03-17,POSITIVE,0.748120903968811
2022-03-18,POSITIVE,0.748120903968811
2022-03-19,NEGATIVE,0.9949540495872498
2022-03-20,POSITIVE,0.998588502407074
2022-03-21,POSITIVE,0.993405818939209
2022-03-22,NEGATIVE,0.8698223233222961
2022-03-23,POSITIVE,0.748120903968811
2022-03-24,POSITIVE,0.748120903968811
2022-03-25,POSITIVE,0.9994915723800659
2022-03-26,POSITIVE,0.9989203214645386
2022-03-27,POSITIVE,0.9988815188407898
2022-03-28,POSITIVE,0.9985514283180237
2022-03-29,POSITIVE,0.9972712397575378
2022-03-30,NEGATIVE,0.7682458162307739
2022-03-31,POSITIVE,0.99779212474823
2022-04-01,NEGATIVE,0.9902064204216003
2022-04-02,NEGATIVE,0.9762913584709167
2022-04-03,POSITIVE,0.9997947812080383
2022-04-04,POSITIVE,0.748120903968811
2022-04-05,POSITIVE,0.991926908493042
2022-04-06,NEGATIVE,0.9977847933769226
2022-04-07,POSITIVE,0.9921650886535645
2022-04-08,POSITIVE,0.748120903968811
2022-04-09,POSITIVE,0.999755322933197
2022-04-10,POSITIVE,0.9458942413330078
2022-04-11,POSITIVE,0.9980260133743286
2022-04-12,NEGATIVE,0.9936402440071106
2022-04-13,POSITIVE,0.748120903968811
2022-04-14,NEGATIVE,0.9990278482437134
2022-04-15,POSITIVE,0.9981656670570374
2022-04-16,NEGATIVE,0.757645308971405
2022-04-17,NEGATIVE,0.5238220691680908
2022-04-18,NEGATIVE,0.9589880704879761
2022-04-19,POSITIVE,0.9535861611366272
2022-04-20,NEGATIVE,0.9731934070587158
2022-04-21,NEGATIVE,0.9589880704879761
2022-04-22,NEGATIVE,0.9840452671051025
2022-04-23,NEGATIVE,0.757645308971405
2022-04-24,POSITIVE,0.748120903968811
2022-04-25,POSITIVE,0.748120903968811
2022-04-26,POSITIVE,0.748120903968811
2022-04-27,POSITIVE,0.748120903968811
2022-04-28,NEGATIVE,0.9976423382759094
2022-04-29,POSITIVE,0.748120903968811
2022-04-30,POSITIVE,0.9354070425033569
2022-05-01,NEGATIVE,0.9891427159309387
2022-05-02,NEGATIVE,0.8856436014175415
2022-05-03,NEGATIVE,0.9913651943206787
2022-05-04,NEGATIVE,0.9048264622688293
2022-05-05,POSITIVE,0.748120903968811
2022-05-06,NEGATIVE,0.9048264622688293
2022-05-07,POSITIVE,0.9976058006286621
2022-05-08,POSITIVE,0.985895574092865
2022-05-09,POSITIVE,0.748120903968811
2022-05-10,POSITIVE,0.9989778995513916
2022-05-11,POSITIVE,0.748120903968811
2022-05-12,POSITIVE,0.748120903968811
2022-05-13,POSITIVE,0.748120903968811
2022-05-14,NEGATIVE,0.6443285942077637
2022-05-15,NEGATIVE,0.9976049661636353
2022-05-16,NEGATIVE,0.8892615437507629
2022-05-17,NEGATIVE,0.930338442325592
2022-05-18,POSITIVE,0.748120903968811
2022-05-19,NEGATIVE,0.9997077584266663
2022-05-20,POSITIVE,0.9993485808372498
2022-05-21,POSITIVE,0.9993013143539429
2022-05-22,POSITIVE,0.9828569293022156
2022-05-23,POSITIVE,0.748120903968811
2022-05-24,NEGATIVE,0.9599407315254211
2022-05-25,NEGATIVE,0.9048264622688293
2022-05-26,POSITIVE,0.9995228052139282
2022-05-27,POSITIVE,0.748120903968811
2022-05-28,POSITIVE,0.9994258880615234
2022-05-29,NEGATIVE,0.9944669008255005
2022-05-30,NEGATIVE,0.725328266620636
2022-05-31,NEGATIVE,0.9048264622688293
2022-06-01,POSITIVE,0.748120903968811
2022-06-02,POSITIVE,0.748120903968811
2022-06-03,NEGATIVE,0.7180644869804382
2022-06-04,POSITIVE,0.9909742474555969
2022-06-05,POSITIVE,0.9815971851348877
2022-06-06,POSITIVE,0.748120903968811
2022-06-07,POSITIVE,0.9756431579589844
2022-06-08,POSITIVE,0.9924331903457642
2022-06-09,NEGATIVE,0.9048264622688293
2022-06-10,POSITIVE,0.748120903968811
2022-06-11,NEGATIVE,0.9724865555763245
2022-06-12,POSITIVE,0.748120903968811
2022-06-13,POSITIVE,0.9973256587982178
2022-06-14,NEGATIVE,0.9059644341468811
2022-06-15,POSITIVE,0.748120903968811
2022-06-16,POSITIVE,0.748120903968811
2022-06-17,NEGATIVE,0.9589880704879761
2022-06-19,POSITIVE,0.9948016405105591
2022-06-20,POSITIVE,0.748120903968811
2022-06-21,NEGATIVE,0.7880018949508667
2022-06-22,NEGATIVE,0.991468071937561
2022-06-23,NEGATIVE,0.5490627884864807
2022-06-24,NEGATIVE,0.9988314509391785
2022-06-25,POSITIVE,0.621612012386322
2022-06-26,POSITIVE,0.748120903968811
2022-06-27,POSITIVE,0.748120903968811
2022-06-28,POSITIVE,0.748120903968811
2022-06-29,POSITIVE,0.748120903968811
2022-06-30,NEGATIVE,0.9481772184371948
2022-07-01,POSITIVE,0.748120903968811
2022-07-02,POSITIVE,0.9834718704223633
2022-07-03,POSITIVE,0.9795082807540894
2022-07-05,POSITIVE,0.748120903968811
2022-07-06,POSITIVE,0.748120903968811
2022-07-07,POSITIVE,0.748120903968811
2022-07-08,NEGATIVE,0.9739588499069214
2022-07-10,POSITIVE,0.995631217956543
2022-07-11,POSITIVE,0.748120903968811
2022-07-12,POSITIVE,0.748120903968811
2022-07-13,POSITIVE,0.748120903968811
2022-07-14,NEGATIVE,0.921372652053833
2022-07-15,POSITIVE,0.748120903968811
2022-07-16,NEGATIVE,0.9962624907493591
2022-07-17,POSITIVE,0.748120903968811
2022-07-18,POSITIVE,0.748120903968811
2022-07-19,POSITIVE,0.9955965876579285
2022-07-20,NEGATIVE,0.9988150596618652
2022-07-21,NEGATIVE,0.9996962547302246
2022-07-22,POSITIVE,0.7552405595779419
2022-07-23,NEGATIVE,0.9907315373420715
2022-07-24,POSITIVE,0.748120903968811
2022-07-25,POSITIVE,0.748120903968811
2022-07-26,POSITIVE,0.9971094727516174
2022-07-27,NEGATIVE,0.6773926019668579
2022-07-28,POSITIVE,0.748120903968811
2022-07-29,NEGATIVE,0.9990724325180054
2022-07-30,NEGATIVE,0.9964509010314941
2022-07-31,NEGATIVE,0.9924224019050598
2022-08-01,POSITIVE,0.986297607421875
2022-08-02,NEGATIVE,0.9589880704879761
2022-08-03,NEGATIVE,0.9698851108551025
2022-08-04,POSITIVE,0.9957666397094727
2022-08-05,NEGATIVE,0.998742401599884
2022-08-06,NEGATIVE,0.9994557499885559
2022-08-07,POSITIVE,0.985895574092865
2022-08-08,POSITIVE,0.965675413608551
2022-08-09,NEGATIVE,0.9589880704879761
2022-08-10,POSITIVE,0.8900238871574402
2022-08-11,NEGATIVE,0.9994146823883057
2022-08-12,POSITIVE,0.9826796054840088
2022-08-13,NEGATIVE,0.9988076686859131
2022-08-14,NEGATIVE,0.9979840517044067
2022-08-15,POSITIVE,0.748120903968811
2022-08-16,POSITIVE,0.748120903968811
2022-08-17,NEGATIVE,0.9966701865196228
2022-08-18,POSITIVE,0.748120903968811
2022-08-19,POSITIVE,0.8245605230331421
2022-08-20,POSITIVE,0.9982185959815979
2022-08-21,POSITIVE,0.748120903968811
2022-08-22,POSITIVE,0.748120903968811
2022-08-23,POSITIVE,0.9934066534042358
2022-08-24,NEGATIVE,0.9688791632652283
2022-08-25,NEGATIVE,0.9705689549446106
2022-08-26,POSITIVE,0.748120903968811
2022-08-27,NEGATIVE,0.9990069270133972
2022-08-28,NEGATIVE,0.9501614570617676
2022-08-29,POSITIVE,0.748120903968811
2022-08-30,POSITIVE,0.9881548881530762
2022-08-31,POSITIVE,0.748120903968811
2022-09-01,POSITIVE,0.748120903968811
2022-09-02,NEGATIVE,0.9539535641670227
2022-09-03,POSITIVE,0.9956478476524353
2022-09-04,NEGATIVE,0.9988327622413635
2022-09-05,POSITIVE,0.976326584815979
2022-09-06,NEGATIVE,0.9931602478027344
2022-09-07,POSITIVE,0.748120903968811
2022-09-08,POSITIVE,0.748120903968811
2022-09-09,POSITIVE,0.748120903968811
2022-09-10,POSITIVE,0.9956478476524353
2022-09-11,POSITIVE,0.748120903968811
2022-09-12,NEGATIVE,0.922410249710083
2022-09-13,NEGATIVE,0.9589880704879761
2022-09-14,NEGATIVE,0.9986018538475037
2022-09-15,POSITIVE,0.748120903968811
2022-09-16,NEGATIVE,0.911164402961731
2022-09-17,POSITIVE,0.9982185959815979
2022-09-18,NEGATIVE,0.9991517066955566
2022-09-19,NEGATIVE,0.9973616003990173
2022-09-20,POSITIVE,0.748120903968811
2022-09-21,NEGATIVE,0.998306393623352
2022-09-22,POSITIVE,0.9549031257629395
2022-09-23,POSITIVE,0.748120903968811
2022-09-24,POSITIVE,0.9982185959815979
2022-09-25,NEGATIVE,0.9850148558616638
2022-09-26,POSITIVE,0.748120903968811
2022-09-27,POSITIVE,0.9993017911911011
2022-09-28,NEGATIVE,0.9589880704879761
2022-09-29,POSITIVE,0.748120903968811
2022-09-30,NEGATIVE,0.9970243573188782
2022-10-01,POSITIVE,0.9982185959815979
2022-10-02,POSITIVE,0.9956478476524353
2022-10-03,POSITIVE,0.9747486710548401
2022-10-04,POSITIVE,0.748120903968811
2022-10-05,POSITIVE,0.9997455477714539
2022-10-06,POSITIVE,0.748120903968811
2022-10-07,POSITIVE,0.748120903968811
2022-10-08,NEGATIVE,0.9942857623100281
2022-10-09,POSITIVE,0.9996236562728882
2022-10-10,NEGATIVE,0.9754459857940674
2022-10-11,POSITIVE,0.9972714781761169
2022-10-12,NEGATIVE,0.8644493818283081
2022-10-13,NEGATIVE,0.987669050693512
2022-10-14,POSITIVE,0.748120903968811
2022-10-15,POSITIVE,0.9967647790908813
2022-10-16,NEGATIVE,0.9912059903144836
2022-10-17,POSITIVE,0.748120903968811
2022-10-18,POSITIVE,0.748120903968811
2022-10-19,POSITIVE,0.748120903968811
2022-10-20,POSITIVE,0.748120903968811
2022-10-21,POSITIVE,0.748120903968811
2022-10-22,POSITIVE,0.9969179630279541
2022-10-23,POSITIVE,0.9221326112747192
2022-10-24,POSITIVE,0.748120903968811
2022-10-25,POSITIVE,0.748120903968811
2022-10-26,NEGATIVE,0.9944267272949219
2022-10-27,POSITIVE,0.8270247578620911
2022-10-28,POSITIVE,0.748120903968811
2022-10-29,POSITIVE,0.9961330890655518
2022-10-30,POSITIVE,0.748120903968811
2022-10-31,POSITIVE,0.748120903968811
2022-11-01,POSITIVE,0.9980053305625916
2022-11-02,NEGATIVE,0.9997300505638123
2022-11-03,POSITIVE,0.748120903968811
2022-11-04,POSITIVE,0.9985894560813904
2022-11-05,POSITIVE,0.9994254112243652
2022-11-06,NEGATIVE,0.8560025095939636
2022-11-07,NEGATIVE,0.9386804699897766
2022-11-08,NEGATIVE,0.9912410974502563
2022-11-09,POSITIVE,0.748120903968811
2022-11-10,POSITIVE,0.748120903968811
2022-11-11,POSITIVE,0.748120903968811
2022-11-12,POSITIVE,0.9969179630279541
2022-11-13,NEGATIVE,0.9335228204727173
2022-11-14,NEGATIVE,0.9458741545677185
2022-11-15,POSITIVE,0.9993807077407837
2022-11-16,POSITIVE,0.748120903968811
2022-11-17,POSITIVE,0.748120903968811
2022-11-18,NEGATIVE,0.9900216460227966
2022-11-20,NEGATIVE,0.9809635877609253
2022-11-21,POSITIVE,0.748120903968811
2022-11-22,POSITIVE,0.748120903968811
2022-11-23,NEGATIVE,0.9978998899459839
2022-11-24,NEGATIVE,0.9997109770774841
2022-11-25,POSITIVE,0.5111641883850098
2022-11-26,NEGATIVE,0.9864839911460876
2022-11-27,NEGATIVE,0.9912283420562744
2022-11-28,POSITIVE,0.9929558038711548
2022-11-29,POSITIVE,0.748120903968811
2022-11-30,POSITIVE,0.748120903968811
2022-12-01,POSITIVE,0.9986531734466553
2022-12-02,NEGATIVE,0.9901612997055054
2022-12-03,POSITIVE,0.9969179630279541
2022-12-04,NEGATIVE,0.9985765218734741
2022-12-05,POSITIVE,0.748120903968811
2022-12-06,POSITIVE,0.748120903968811
2022-12-07,POSITIVE,0.748120903968811
2022-12-08,NEGATIVE,0.9874635934829712
2022-12-09,POSITIVE,0.748120903968811
2022-12-10,POSITIVE,0.9961330890655518
2022-12-11,POSITIVE,0.5195008516311646
2022-12-12,POSITIVE,0.9733395576477051
2022-12-13,POSITIVE,0.748120903968811
2022-12-14,NEGATIVE,0.9107624888420105
2022-12-15,POSITIVE,0.748120903968811
2022-12-16,POSITIVE,0.748120903968811
2022-12-17,POSITIVE,0.9971869587898254
2022-12-19,NEGATIVE,0.9974020719528198
2022-12-20,POSITIVE,0.748120903968811
2022-12-21,NEGATIVE,0.9564829468727112
2022-12-22,POSITIVE,0.748120903968811
2022-12-23,NEGATIVE,0.9589880704879761
2022-12-24,POSITIVE,0.9969179630279541
2022-12-25,POSITIVE,0.748120903968811
2022-12-26,NEGATIVE,0.9935014843940735
2022-12-27,POSITIVE,0.9997469782829285
2022-12-28,NEGATIVE,0.9822403788566589
2022-12-29,NEGATIVE,0.9997190833091736
2022-12-30,POSITIVE,0.748120903968811
2022-12-31,POSITIVE,0.9969179630279541
2023-01-03,POSITIVE,0.9810457229614258
2023-01-04,NEGATIVE,0.9988125562667847
2023-01-05,POSITIVE,0.748120903968811
2023-01-06,POSITIVE,0.748120903968811
2023-01-07,POSITIVE,0.9858696460723877
2023-01-08,POSITIVE,0.996354341506958
2023-01-09,POSITIVE,0.8760325908660889
2023-01-10,NEGATIVE,0.9589880704879761
2023-01-11,NEGATIVE,0.9987756609916687
2023-01-12,POSITIVE,0.748120903968811
2023-01-13,POSITIVE,0.748120903968811
2023-01-14,POSITIVE,0.9969179630279541
2023-01-16,NEGATIVE,0.9995269775390625
2023-01-17,POSITIVE,0.748120903968811
2023-01-18,POSITIVE,0.748120903968811
2023-01-19,POSITIVE,0.748120903968811
2023-01-20,POSITIVE,0.748120903968811
2023-01-21,NEGATIVE,0.9984906911849976
2023-01-22,NEGATIVE,0.9930470585823059
2023-01-23,NEGATIVE,0.8461217880249023
2023-01-24,POSITIVE,0.748120903968811
2023-01-25,POSITIVE,0.748120903968811
2023-01-26,NEGATIVE,0.9570192694664001
2023-01-27,POSITIVE,0.748120903968811
2023-01-29,NEGATIVE,0.9972847700119019
2023-01-30,POSITIVE,0.748120903968811
2023-01-31,POSITIVE,0.748120903968811
2023-02-01,NEGATIVE,0.9431456327438354
2023-02-02,POSITIVE,0.985895574092865
2023-02-03,POSITIVE,0.9911826848983765
2023-02-04,POSITIVE,0.9961330890655518
2023-02-05,POSITIVE,0.9995054006576538
2023-02-06,NEGATIVE,0.5770772099494934
2023-02-07,POSITIVE,0.748120903968811
2023-02-08,NEGATIVE,0.9767999053001404
2023-02-09,NEGATIVE,0.9080178737640381
2023-02-10,POSITIVE,0.748120903968811
2023-02-11,POSITIVE,0.9969179630279541
2023-02-12,POSITIVE,0.9949796795845032
2023-02-13,NEGATIVE,0.9771952033042908
2023-02-14,POSITIVE,0.748120903968811
2023-02-15,POSITIVE,0.748120903968811
2023-02-16,POSITIVE,0.748120903968811
2023-02-17,NEGATIVE,0.996084451675415
2023-02-18,POSITIVE,0.9954656958580017
2023-02-19,NEGATIVE,0.8356524109840393
2023-02-20,POSITIVE,0.748120903968811
2023-02-21,POSITIVE,0.9971152544021606
2023-02-22,POSITIVE,0.748120903968811
2023-02-23,POSITIVE,0.748120903968811
2023-02-24,POSITIVE,0.748120903968811
2023-02-25,POSITIVE,0.9969179630279541
2023-02-26,NEGATIVE,0.9948805570602417
2023-02-27,NEGATIVE,0.8992550373077393
2023-02-28,POSITIVE,0.748120903968811
2023-03-01,POSITIVE,0.9810457229614258
2023-03-02,POSITIVE,0.9995152950286865
2023-03-03,POSITIVE,0.748120903968811
2023-03-04,POSITIVE,0.9948869347572327
2023-03-05,NEGATIVE,0.9925836324691772
2023-03-06,POSITIVE,0.748120903968811
2023-03-07,POSITIVE,0.999363362789154
2023-03-08,POSITIVE,0.748120903968811
2023-03-09,POSITIVE,0.748120903968811
2023-03-10,NEGATIVE,0.9701011180877686
2023-03-11,POSITIVE,0.9967407584190369
2023-03-12,NEGATIVE,0.9992936849594116
2023-03-13,POSITIVE,0.9929218888282776
2023-03-14,POSITIVE,0.9959484934806824
2023-03-15,POSITIVE,0.748120903968811
2023-03-16,NEGATIVE,0.9996403455734253
2023-03-17,POSITIVE,0.9992458820343018
2023-03-18,NEGATIVE,0.9915629625320435
2023-03-19,POSITIVE,0.9071007966995239
2023-03-20,NEGATIVE,0.5667083263397217
2023-03-21,POSITIVE,0.748120903968811
2023-03-22,POSITIVE,0.748120903968811
2023-03-23,NEGATIVE,0.9953635931015015
2023-03-24,POSITIVE,0.748120903968811
2023-03-25,POSITIVE,0.9992607235908508
2023-03-26,NEGATIVE,0.9987221360206604
2023-03-27,NEGATIVE,0.9701074957847595
2023-03-28,NEGATIVE,0.9971768856048584
2023-03-29,NEGATIVE,0.624040961265564
2023-03-30,POSITIVE,0.748120903968811
2023-03-31,POSITIVE,0.748120903968811
2023-04-01,POSITIVE,0.9967407584190369
2023-04-02,POSITIVE,0.985895574092865
2023-04-03,POSITIVE,0.748120903968811
2023-04-04,POSITIVE,0.9234446287155151
2023-04-05,POSITIVE,0.748120903968811
2023-04-06,POSITIVE,0.748120903968811
2023-04-07,POSITIVE,0.9993684887886047
2023-04-08,POSITIVE,0.8981420397758484
2023-04-09,POSITIVE,0.8926444053649902
2023-04-10,POSITIVE,0.748120903968811
2023-04-11,POSITIVE,0.8912172317504883
2023-04-12,POSITIVE,0.9810457229614258
2023-04-13,POSITIVE,0.748120903968811
2023-04-14,NEGATIVE,0.9954237341880798
2023-04-15,POSITIVE,0.9969179630279541
2023-04-16,NEGATIVE,0.6340497732162476
2023-04-17,NEGATIVE,0.988436758518219
2023-04-18,POSITIVE,0.748120903968811
2023-04-19,POSITIVE,0.748120903968811
2023-04-20,NEGATIVE,0.9995678067207336
2023-04-21,POSITIVE,0.9985553622245789
2023-04-22,POSITIVE,0.9961950778961182
2023-04-23,POSITIVE,0.9964886903762817
2023-04-24,NEGATIVE,0.9901580214500427
2023-04-25,POSITIVE,0.748120903968811
2023-04-26,POSITIVE,0.748120903968811
2023-04-27,POSITIVE,0.748120903968811
2023-04-28,POSITIVE,0.748120903968811
2023-04-29,POSITIVE,0.9969179630279541
2023-04-30,POSITIVE,0.748120903968811
2023-05-01,POSITIVE,0.9997097849845886
2023-05-02,POSITIVE,0.9965620636940002
2023-05-03,NEGATIVE,0.9668051600456238
2023-05-04,POSITIVE,0.748120903968811
2023-05-05,NEGATIVE,0.8686265349388123
2023-05-06,POSITIVE,0.9942438006401062
2023-05-07,POSITIVE,0.748120903968811
2023-05-08,POSITIVE,0.9882901906967163
2023-05-09,NEGATIVE,0.7886980175971985
2023-05-10,POSITIVE,0.9731956720352173
2023-05-11,POSITIVE,0.9977008700370789
2023-05-12,POSITIVE,0.748120903968811
2023-05-13,POSITIVE,0.9981990456581116
2023-05-15,POSITIVE,0.748120903968811
2023-05-16,NEGATIVE,0.9836949110031128
2023-05-17,POSITIVE,0.748120903968811
2023-05-18,POSITIVE,0.748120903968811
2023-05-19,POSITIVE,0.748120903968811
2023-05-20,POSITIVE,0.9969179630279541
2023-05-21,NEGATIVE,0.993470311164856
2023-05-22,NEGATIVE,0.9990721940994263
2023-05-23,NEGATIVE,0.955522894859314
2023-05-24,POSITIVE,0.748120903968811
2023-05-25,NEGATIVE,0.9996590614318848
2023-05-26,POSITIVE,0.9986820816993713
2023-05-27,POSITIVE,0.9411376118659973
2023-05-28,POSITIVE,0.748120903968811
2023-05-29,POSITIVE,0.9870604276657104
2023-05-30,NEGATIVE,0.9657537937164307
2023-05-31,POSITIVE,0.9889251589775085
2023-06-01,POSITIVE,0.748120903968811
2023-06-02,NEGATIVE,0.9788044691085815
2023-06-03,POSITIVE,0.987733006477356
2023-06-04,POSITIVE,0.748120903968811
2023-06-05,POSITIVE,0.9834385514259338
2023-06-06,POSITIVE,0.748120903968811
2023-06-07,POSITIVE,0.748120903968811
2023-06-08,POSITIVE,0.748120903968811
2023-06-09,POSITIVE,0.748120903968811
2023-06-10,POSITIVE,0.9959233999252319
2023-06-11,POSITIVE,0.748120903968811
2023-06-12,POSITIVE,0.995629072189331
2023-06-13,NEGATIVE,0.9941054582595825
2023-06-14,POSITIVE,0.9996253252029419
2023-06-15,POSITIVE,0.748120903968811
2023-06-16,POSITIVE,0.748120903968811
2023-06-17,POSITIVE,0.748120903968811
2023-06-19,NEGATIVE,0.9198639392852783
2023-06-20,NEGATIVE,0.9873203039169312
2023-06-21,POSITIVE,0.748120903968811
2023-06-22,POSITIVE,0.748120903968811
2023-06-23,NEGATIVE,0.9977551102638245
2023-06-24,POSITIVE,0.9942438006401062
2023-06-26,POSITIVE,0.6919465661048889
2023-06-27,POSITIVE,0.9776512980461121
2023-06-28,POSITIVE,0.9991217255592346
2023-06-29,POSITIVE,0.748120903968811
2023-06-30,POSITIVE,0.748120903968811
